2026-04-30 11:47:20  INFO      Starting text QC | data_dir=/Volumes/Data/wav2vec2-asr-pipeline/row_data | log=./ch_ds.log
2026-04-30 11:47:20  INFO      Found 2479 SRT file(s)
2026-04-30 11:47:23  INFO        SRT: 01j6xaRq/heb_o_rav_2017-03-09_program_haim-hadashim_n836.srt  MP3: IgykUgVc.mp3 (1719.1s)
2026-04-30 11:47:23  INFO          parsed 368 entries
2026-04-30 11:47:23  INFO        SRT: 03PMF9M4/heb_o_rav_2015-05-06_program_pitaron_n48.srt  MP3: sxdq5GXK.mp3 (1659.9s)
2026-04-30 11:47:23  INFO          parsed 379 entries
2026-04-30 11:47:23  INFO        SRT: 03rGxocb/heb_o_rav_2016-06-21_program_pitaron_n116.srt  MP3: WjUxMK2t.mp3 (1640.9s)
2026-04-30 11:47:23  INFO          parsed 378 entries
2026-04-30 11:47:23  INFO        SRT: 04Lm0nqN/heb_o_rav_bs-mahut-dat-ve-matrata_2014-09-02_lesson.srt  MP3: ecTMgXxh.mp3 (3057.2s)
2026-04-30 11:47:23  INFO          parsed 548 entries
2026-04-30 11:47:23  INFO        SRT: 04OowuXt/heb_o_rav_2014-12-04_program_haim-hadashim_n465.srt  MP3: 8nXXOKZT.mp3 (1664.2s)
2026-04-30 11:47:23  INFO          parsed 396 entries
2026-04-30 11:47:23  INFO        SRT: 05lvzxE6/heb_o_rav_2011-11-15_lecture_havaya-veshma-kabbalah_tzoreh-bearvut-adadit.srt  MP3: Zsypb8I1.mp3 (5230.1s)
2026-04-30 11:47:23  INFO          parsed 1065 entries
2026-04-30 11:47:23  INFO        SRT: 06MojfzX/heb_o_rav_2015-01-16_program_olamot-nifgashim_kabbalah-vemada-32.srt  MP3: tvfcvzMm.mp3 (1670.2s)
2026-04-30 11:47:23  INFO          parsed 310 entries
2026-04-30 11:47:23  INFO        SRT: 07senOJ4/heb_o_rav_2013-10-29_program_haim-hadashim_n245.srt  MP3: N9IKNCxS.mp3 (3575.4s)
2026-04-30 11:47:23  INFO          parsed 700 entries
2026-04-30 11:47:23  INFO        SRT: 0B0iN9zf/heb_o_rav_adam-olam-katan_2016-12-13_lesson_n2.srt  MP3: q5oFvq0v.mp3 (2779.2s)
2026-04-30 11:47:23  INFO          parsed 442 entries
2026-04-30 11:47:23  INFO        SRT: 0ENpXKvn/heb_o_rav_2019-03-12_program_haim-hadashim_n1092.srt  MP3: jj7AFuO7.mp3 (1701.2s)
2026-04-30 11:47:23  INFO          parsed 342 entries
2026-04-30 11:47:23  INFO        SRT: 0HET8CKw/heb_o_rav_2013-09-08_program_olamot-nifgashim_hisaron-shel-tahton.srt  MP3: FoQBEyvo.mp3 (5474.0s)
2026-04-30 11:47:23  INFO          parsed 1161 entries
2026-04-30 11:47:23  INFO        SRT: 0HcLQSOR/heb_o_rav_2014-10-21_program_haim-hadashim_n447.srt  MP3: AydOCNuU.mp3 (1638.9s)
2026-04-30 11:47:23  INFO          parsed 356 entries
2026-04-30 11:47:23  INFO        SRT: 0JxKhT5I/heb_o_rav_bs-tes-01_2015-01-14_lesson.srt  MP3: ng7yAj6Z.mp3 (3058.2s)
2026-04-30 11:47:23  INFO          parsed 438 entries
2026-04-30 11:47:23  INFO        SRT: 0KX4SGvU/heb_o_rav_bs-iton-uma_2014-06-22_lesson.srt  MP3: SoBuib0c.mp3 (3090.3s)
2026-04-30 11:47:23  INFO          parsed 588 entries
2026-04-30 11:47:23  INFO        SRT: 0KyPf1w3/heb_o_rav_2010-03-10_program_lehargish-zohar_pesah.srt  MP3: 1UcMIKHs.mp3 (1595.0s)
2026-04-30 11:47:23  INFO          parsed 329 entries
2026-04-30 11:47:24  INFO        SRT: 0Lg1O368/heb_o_rav_2023-08-31_lesson_rb-1986-34-inyan-shoftim_n1_p1.srt  MP3: R4AxHRyz.mp3 (5992.7s)
2026-04-30 11:47:24  INFO          parsed 624 entries
2026-04-30 11:47:24  INFO        SRT: 0NIWyrKT/heb_o_rav_2014-03-25_program_haim-hadashim_n326.srt  MP3: SwE5wFFv.mp3 (1792.6s)
2026-04-30 11:47:24  INFO          parsed 412 entries
2026-04-30 11:47:24  INFO        SRT: 0QzL1A4S/heb_o_rav_bs-mitzva-achat_2013-09-23_lesson.srt  MP3: RKjmobqp.mp3 (3240.1s)
2026-04-30 11:47:24  INFO          parsed 604 entries
2026-04-30 11:47:24  INFO        SRT: 0RbJTvOJ/heb_o_rav_2018-03-18_program_haim-hadashim_n980.srt  MP3: Am1FG0iJ.mp3 (1604.0s)
2026-04-30 11:47:24  INFO          parsed 450 entries
2026-04-30 11:47:24  INFO        SRT: 0T7rhfTX/heb_o_rav_bs-mahut-dat-ve-matrata_2016-07-11_lesson.srt  MP3: el72gaHl.mp3 (2870.3s)
2026-04-30 11:47:24  INFO          parsed 493 entries
2026-04-30 11:47:24  INFO        SRT: 0TKjsKIQ/heb_o_rav_2016-06-28_program_pitaron_n118.srt  MP3: YV7hfNlq.mp3 (1644.4s)
2026-04-30 11:47:24  INFO          parsed 471 entries
2026-04-30 11:47:24  INFO        SRT: 0Tvaot59/heb_o_rav_2009-03-12_program_shalvei-sulam_kesef_niv-navon.srt  MP3: wSJBRXzV.mp3 (1984.0s)
2026-04-30 11:47:24  INFO          parsed 593 entries
2026-04-30 11:47:24  INFO        SRT: 0VdIY7e3/heb_o_rav_2018-01-04_lesson_bs-shivha-tirash-gvirta_n1_p3.srt  MP3: CTkqwv21.mp3 (2426.9s)
2026-04-30 11:47:24  INFO          parsed 499 entries
2026-04-30 11:47:24  INFO        SRT: 0WooqN22/heb_o_rav_bs-shalom-ba-olam_2013-06-09_lesson.srt  MP3: DMO4vibK.mp3 (3273.6s)
2026-04-30 11:47:24  INFO          parsed 602 entries
2026-04-30 11:47:24  INFO        SRT: 0X7PtGph/heb_o_norav_2008-09-04_tohnit_bb_nekuda-she-balev_ofer-nakash.srt  MP3: MNH63BDI.mp3 (1813.4s)
2026-04-30 11:47:24  INFO          parsed 406 entries
2026-04-30 11:47:24  INFO        SRT: 0XnVhBZy/heb_o_rav_2016-07-12_program_haim-hadashim_n744.srt  MP3: Z9wGSapm.mp3 (1641.1s)
2026-04-30 11:47:24  INFO          parsed 339 entries
2026-04-30 11:47:24  INFO        SRT: 0YW7keks/heb_o_rav_2014-08-27_program_haim-hadashim-ktaim_n237.srt  MP3: reZNKOro.mp3 (795.2s)
2026-04-30 11:47:24  INFO          parsed 165 entries
2026-04-30 11:47:24  INFO        SRT: 0aXkkJ15/heb_o_rav_bs-aravut_2013-04-23_lesson_n2.srt  MP3: H6pGkKFD.mp3 (3203.9s)
2026-04-30 11:47:24  INFO          parsed 590 entries
2026-04-30 11:47:24  INFO        SRT: 0cY8nJXM/heb_o_rav_2017-10-02_lesson_bs-aravut_n1_p3.srt  MP3: HFUqvwdh.mp3 (2156.4s)
2026-04-30 11:47:24  INFO          parsed 353 entries
2026-04-30 11:47:24  INFO        SRT: 0e7SbGbQ/heb_o_norav_2022-08-21_vl_mahshevet-israel_haprogresivim-haradikalim-haachsaviyim-vemaavakam-neged-israel_n62.srt  MP3: sCueantA.mp3 (3597.9s)
2026-04-30 11:47:24  INFO          parsed 877 entries
2026-04-30 11:47:24  INFO        SRT: 0eB8j8Ud/heb_o_rav_2015-08-14_program_olamot-nifgashim_kabbalah-vemada-41.srt  MP3: AL7PdTzc.mp3 (1670.6s)
2026-04-30 11:47:24  INFO          parsed 361 entries
2026-04-30 11:47:24  INFO        SRT: 0fIYakJ3/heb_o_rav_bs-aravut_2014-05-28_lesson.srt  MP3: w1nDZjvI.mp3 (3026.8s)
2026-04-30 11:47:24  INFO          parsed 554 entries
2026-04-30 11:47:24  INFO        SRT: 0g8TfhyX/heb_o_rav_2021-06-13_program_haim-hadashim_n1309.srt  MP3: j4xTTBxB.mp3 (1739.2s)
2026-04-30 11:47:24  INFO          parsed 382 entries
2026-04-30 11:47:25  INFO        SRT: 0htOb11U/heb_o_rav_2010-02-22_lesson_congress-2010_n3.srt  MP3: tOWlC8dw.mp3 (3808.2s)
2026-04-30 11:47:25  INFO          parsed 591 entries
2026-04-30 11:47:25  INFO        SRT: 0i4faphW/heb_o_norav_2010-09-16_program_katan-aleinu_n10.srt  MP3: UfdeWH36.mp3 (1215.9s)
2026-04-30 11:47:25  INFO          parsed 396 entries
2026-04-30 11:47:25  INFO        SRT: 0ilEmeLK/heb_o_rav_2023-01-26_lesson_zohar-la-am-hakdama-lila-decala_n1_p1.srt  MP3: rcrxB5hN.mp3 (4815.7s)
2026-04-30 11:47:25  INFO          parsed 402 entries
2026-04-30 11:47:25  INFO        SRT: 0itlApNC/heb_o_rav_2013-12-05_program_haim-hadashim-ktaim_n117.srt  MP3: L1SEnN9T.mp3 (828.7s)
2026-04-30 11:47:25  INFO          parsed 189 entries
2026-04-30 11:47:25  INFO        SRT: 0kSbFGRs/heb_o_rav_2013-05-16_program_haim-hadashim_n181.srt  MP3: VqXUvNhA.mp3 (3628.8s)
2026-04-30 11:47:25  INFO          parsed 786 entries
2026-04-30 11:47:25  INFO        SRT: 0l0paFOE/heb_o_rav_emuna-lemala-mehadaat_2016-12-08_lesson_n2.srt  MP3: lrpgFEhv.mp3 (2931.1s)
2026-04-30 11:47:25  INFO          parsed 433 entries
2026-04-30 11:47:25  INFO        SRT: 0ng4kQPC/heb_o_rav_mesirut-nefesh_2016-11-24_lesson_n2.srt  MP3: zNDxNJ59.mp3 (2936.0s)
2026-04-30 11:47:25  INFO          parsed 456 entries
2026-04-30 11:47:25  INFO        SRT: 0nyoz57z/heb_o_rav_2014-09-28_program_haim-hadashim_n436.srt  MP3: q35CCJxQ.mp3 (1640.0s)
2026-04-30 11:47:25  INFO          parsed 356 entries
2026-04-30 11:47:25  INFO        SRT: 0ofHl6ZJ/heb_o_rav_2018-01-29_lesson_bs-maamar-le-sium-zohar_n1_p2.srt  MP3: wDnd3SC5.mp3 (2515.5s)
2026-04-30 11:47:25  INFO          parsed 431 entries
2026-04-30 11:47:25  INFO        SRT: 0qRWbXJO/heb_o_rav_2014-07-08_program_haim-hadashim_n418.srt  MP3: x0ASRtoN.mp3 (1599.7s)
2026-04-30 11:47:25  INFO          parsed 391 entries
2026-04-30 11:47:25  INFO        SRT: 0uQu7lb1/heb_o_rav_2014-11-24_program_mekubalim-kotvim_netina-kekli-3.srt  MP3: wJLmZlFL.mp3 (1676.1s)
2026-04-30 11:47:25  INFO          parsed 407 entries
2026-04-30 11:47:25  INFO        SRT: 0x4Ep0yW/heb_o_rav_rb-1990-11-ner-hanuka_2016-03-31_lesson.srt  MP3: zpAYu0XU.mp3 (3517.0s)
2026-04-30 11:47:25  INFO          parsed 402 entries
2026-04-30 11:47:25  INFO        SRT: 0z26fOwP/heb_o_rav_2015-01-20_program_haim-hadashim_n504.srt  MP3: f7QAG6Z6.mp3 (1607.4s)
2026-04-30 11:47:25  INFO          parsed 340 entries
2026-04-30 11:47:25  INFO        SRT: 10cKizMX/heb_o_rav_bs-maamar-le-sium-zohar_2016-02-17_lesson.srt  MP3: fW5MAhSv.mp3 (3311.1s)
2026-04-30 11:47:25  INFO          parsed 471 entries
2026-04-30 11:47:25  INFO        SRT: 10dThR73/heb_o_rav_shiur-achana-le-kenes_2015-08-26_lesson.srt  MP3: yAhkmKR8.mp3 (2966.3s)
2026-04-30 11:47:25  INFO          parsed 471 entries
2026-04-30 11:47:25  INFO        SRT: 11PnQddw/heb_o_rav_2014-04-06_program_haim-hadashim_n339.srt  MP3: EhrSm5bt.mp3 (1835.8s)
2026-04-30 11:47:25  INFO          parsed 356 entries
2026-04-30 11:47:25  INFO        SRT: 124jYj2P/heb_o_rav_2019-12-10_program_haim-hadashim_n1188.srt  MP3: dtttxBL8.mp3 (1630.1s)
2026-04-30 11:47:25  INFO          parsed 493 entries
2026-04-30 11:47:26  INFO        SRT: 138mpOFv/heb_o_norav_2009-01-15_program_pothim-zohar_rami-klainshtein_n2.srt  MP3: 4i0zA3L0.mp3 (1199.1s)
2026-04-30 11:47:26  INFO          parsed 245 entries
2026-04-30 11:47:26  INFO        SRT: 13UsCwuf/heb_o_rav_2018-02-11_lesson_bs-shishim-ribo_n1_p2.srt  MP3: w8kJZarb.mp3 (2260.5s)
2026-04-30 11:47:26  INFO          parsed 432 entries
2026-04-30 11:47:26  INFO        SRT: 14SLruqh/heb_o_rav_2022-07-05_program_musagey-yesod_israel_n19.srt  MP3: xRPhn3Um.mp3 (1712.0s)
2026-04-30 11:47:26  INFO          parsed 423 entries
2026-04-30 11:47:26  INFO        SRT: 14u14xgX/heb_o_rav_2015-08-30_program_haim-hadashim_n619.srt  MP3: xKzjTG0q.mp3 (1696.0s)
2026-04-30 11:47:26  INFO          parsed 382 entries
2026-04-30 11:47:26  INFO        SRT: 17AruTGk/heb_o_rav_bs-ashalom_2013-09-10_lesson.srt  MP3: ZDFVyZkm.mp3 (3176.4s)
2026-04-30 11:47:26  INFO          parsed 543 entries
2026-04-30 11:47:26  INFO        SRT: 19WNC0Pf/heb_o_rav_2019-12-17_program_haim-hadashim_n1189.srt  MP3: BVV0w9Ro.mp3 (1661.7s)
2026-04-30 11:47:26  INFO          parsed 487 entries
2026-04-30 11:47:26  INFO        SRT: 19ZQluOa/heb_o_rav_2015-01-21_program_pitaron_n41.srt  MP3: OCqjf8Gh.mp3 (1641.1s)
2026-04-30 11:47:26  INFO          parsed 386 entries
2026-04-30 11:47:26  INFO        SRT: 1BCoyMMD/heb_o_rav_2023-06-04_lesson_rb-1986-11-tfila-amitit_n1_p1.srt  MP3: XJFSBt5A.mp3 (5683.2s)
2026-04-30 11:47:26  INFO          parsed 550 entries
2026-04-30 11:47:26  INFO        SRT: 1CUIvIU8/heb_o_rav_2015-11-10_program_haim-hadashim_n647.srt  MP3: x4iMFjvg.mp3 (1649.1s)
2026-04-30 11:47:26  INFO          parsed 310 entries
2026-04-30 11:47:26  INFO        SRT: 1CYYpjLq/heb_o_rav_2017-06-26_lesson_bs-shishim-ribo_n1_p3.srt  MP3: 87ks4eQS.mp3 (2511.0s)
2026-04-30 11:47:26  INFO          parsed 477 entries
2026-04-30 11:47:26  INFO        SRT: 1CqBHfVa/heb_o_rav_bs-akdama-zohar_2014-01-02_lesson.srt  MP3: rPK1CSyK.mp3 (3012.6s)
2026-04-30 11:47:26  INFO          parsed 487 entries
2026-04-30 11:47:26  INFO        SRT: 1EpYGfak/heb_o_rav_2017-09-27_lesson_rb-1985-31-ein-adam_n1_p2.srt  MP3: GBLLiFWL.mp3 (2479.5s)
2026-04-30 11:47:26  INFO          parsed 318 entries
2026-04-30 11:47:26  INFO        SRT: 1Hld4cFw/heb_o_norav_2009-05-01_program_lomdim-yahad-meurav_bs-akdama-zohar_eranshiyovich_n10.srt  MP3: VSQMNuAf.mp3 (2067.4s)
2026-04-30 11:47:26  INFO          parsed 528 entries
2026-04-30 11:47:26  INFO        SRT: 1Ji0qzzE/heb_o_norav_2008-11-19_program_shat-sipur_shafan-katan.srt  MP3: pBjRZe7i.mp3 (1428.6s)
2026-04-30 11:47:26  INFO          parsed 370 entries
2026-04-30 11:47:26  INFO        SRT: 1K1Mb0yy/heb_o_rav_2013-07-28_program_haim-hadashim_n217.srt  MP3: IucGxvCd.mp3 (3671.8s)
2026-04-30 11:47:26  INFO          parsed 918 entries
2026-04-30 11:47:26  INFO        SRT: 1LKmTNBt/heb_o_rav_2015-01-27_program_haim-hadashim_n511.srt  MP3: Bw22uw5r.mp3 (1654.0s)
2026-04-30 11:47:26  INFO          parsed 338 entries
2026-04-30 11:47:26  INFO        SRT: 1Lwpjw1S/heb_o_rav_ktaim-nivharim-17-tamuz_2016-07-19_lesson.srt  MP3: IZuWCAxE.mp3 (3106.3s)
2026-04-30 11:47:26  INFO          parsed 493 entries
2026-04-30 11:47:26  INFO        SRT: 1MVlqbGt/heb_o_rav_bs-aravut_2014-06-15_lesson.srt  MP3: Ya6sCeGS.mp3 (2964.8s)
2026-04-30 11:47:26  INFO          parsed 527 entries
2026-04-30 11:47:27  INFO        SRT: 1OV2Hj4x/heb_o_rav_2017-08-21_lesson_bs-akdama-zohar_n1_p2.srt  MP3: 2bSpigvA.mp3 (2416.2s)
2026-04-30 11:47:27  INFO          parsed 360 entries
2026-04-30 11:47:27  INFO        SRT: 1U6gFMM4/heb_o_norav_2009-02-15_program_nekuda_victor-smaga.srt  MP3: 4KXPTLoc.mp3 (2024.2s)
2026-04-30 11:47:27  INFO          parsed 418 entries
2026-04-30 11:47:27  INFO        SRT: 1YMmQMGr/heb_o_rav_2017-10-26_program_haim-hadashim-ktaim_n670.srt  MP3: NNHMnfF3.mp3 (825.7s)
2026-04-30 11:47:27  INFO          parsed 205 entries
2026-04-30 11:47:27  INFO        SRT: 1ZbLroQ8/heb_o_rav_bs-shalom-ba-olam_2013-06-11_lesson_n2.srt  MP3: RMnkdOWA.mp3 (3284.7s)
2026-04-30 11:47:27  INFO          parsed 646 entries
2026-04-30 11:47:27  INFO        SRT: 1bE3ErV5/heb_o_rav_2010-04-14_program_lehargish-zohar_yom-yerushalaim.srt  MP3: v7Dx87UA.mp3 (1633.8s)
2026-04-30 11:47:27  INFO          parsed 351 entries
2026-04-30 11:47:27  INFO        SRT: 1bK4n99E/heb_o_rav_2014-10-13_program_mekubalim-kotvim_limud-beasiriyot-4.srt  MP3: xms3PnHv.mp3 (1682.4s)
2026-04-30 11:47:27  INFO          parsed 354 entries
2026-04-30 11:47:27  INFO        SRT: 1eT0dYZd/heb_o_rav_2012-02-01_program_haim-hadashim_n19.srt  MP3: M9XWmKvq.mp3 (4181.3s)
2026-04-30 11:47:27  INFO          parsed 1012 entries
2026-04-30 11:47:27  INFO        SRT: 1fq6KY1V/heb_o_rav_2015-01-07_program_pitaron_n38.srt  MP3: QEfos2xI.mp3 (1679.6s)
2026-04-30 11:47:27  INFO          parsed 337 entries
2026-04-30 11:47:27  INFO        SRT: 1kBUwN14/heb_o_rav_2015-02-09_program_parashat-ashavua-v_behaalotha.srt  MP3: 8CNZThiq.mp3 (1714.2s)
2026-04-30 11:47:27  INFO          parsed 436 entries
2026-04-30 11:47:27  INFO        SRT: 1kceDOOt/heb_o_norav_2009-02-13_program-bb_lomdim-yahad-meurav_asafohayon_ptiha-lehohmat-kabbalah_part8.srt  MP3: pFGa3OVs.mp3 (1963.6s)
2026-04-30 11:47:27  INFO          parsed 676 entries
2026-04-30 11:47:27  INFO        SRT: 1lEwKSTe/heb_o_norav_2010-06-30_program_mishpaha-ahat_salomon.srt  MP3: JkV4rpWw.mp3 (1731.0s)
2026-04-30 11:47:27  INFO          parsed 355 entries
2026-04-30 11:47:27  INFO        SRT: 1n0dB4kb/heb_o_rav_2023-03-22_lesson_pesach_n1_p1.srt  MP3: 3WOHkWyb.mp3 (7557.2s)
2026-04-30 11:47:27  INFO          parsed 629 entries
2026-04-30 11:47:27  INFO        SRT: 1ocLEB5W/heb_o_rav_2013-01-29_program_haim-hadashim-ktaim_n9.srt  MP3: DEHTfM9s.mp3 (838.9s)
2026-04-30 11:47:27  INFO          parsed 173 entries
2026-04-30 11:47:27  INFO        SRT: 1p2aJ7fL/heb_o_rav_2009-11-02_program_shalvei-sulam_ledaber-im-bore.srt  MP3: mWVCxXeV.mp3 (1769.2s)
2026-04-30 11:47:27  INFO          parsed 448 entries
2026-04-30 11:47:27  INFO        SRT: 1q4TxBX0/heb_o_rav_bs-kabbala-ve-mahuta_2015-09-17_lesson.srt  MP3: KzwKydjp.mp3 (3084.6s)
2026-04-30 11:47:27  INFO          parsed 450 entries
2026-04-30 11:47:27  INFO        SRT: 1ug5yKMT/heb_o_rav_2019-09-19_program_haim-hadashim_n1160.srt  MP3: tZ6Usbry.mp3 (1781.5s)
2026-04-30 11:47:27  INFO          parsed 440 entries
2026-04-30 11:47:27  INFO        SRT: 1wXF2c4y/heb_o_rav_2018-04-08_program_haim-hadashim_n993.srt  MP3: fiNcKfZS.mp3 (1676.7s)
2026-04-30 11:47:27  INFO          parsed 480 entries
2026-04-30 11:47:27  INFO        SRT: 1yxeTZnv/heb_o_rav_2017-08-15_program_haim-hadashim-ktaim_n628.srt  MP3: Yiu5XDz8.mp3 (771.4s)
2026-04-30 11:47:27  INFO          parsed 242 entries
2026-04-30 11:47:28  INFO        SRT: 22FeWw4w/heb_o_rav_2018-06-26_lesson_bs-ahavat-ashem_n1_p3.srt  MP3: Lg0cIXau.mp3 (2416.2s)
2026-04-30 11:47:28  INFO          parsed 401 entries
2026-04-30 11:47:28  INFO        SRT: 24gMqvTk/heb_o_rav_2008-12-18_program-bb_mekubalim-kotvim_mabat-al-kabbalah.srt  MP3: WAE9CMBo.mp3 (1629.0s)
2026-04-30 11:47:28  INFO          parsed 429 entries
2026-04-30 11:47:28  INFO        SRT: 268lB44Q/heb_o_rav_bs-shamati-034-itron-aaretz_2017-02-27_lesson.srt  MP3: HOHY7uNh.mp3 (4427.8s)
2026-04-30 11:47:28  INFO          parsed 652 entries
2026-04-30 11:47:28  INFO        SRT: 2A5SwK7I/heb_o_rav_2014-07-23_program_haim-hadashim_n423.srt  MP3: eCMMtKeK.mp3 (3610.0s)
2026-04-30 11:47:28  INFO          parsed 736 entries
2026-04-30 11:47:28  INFO        SRT: 2Bf5FFl6/heb_o_rav_2010-08-30_program_kabbalah-lemathil_slihot.srt  MP3: hCnQfNOh.mp3 (3442.9s)
2026-04-30 11:47:28  INFO          parsed 635 entries
2026-04-30 11:47:28  INFO        SRT: 2Bl6avri/heb_o_rav_bs-zot-le-yehuda_2016-04-11_lesson.srt  MP3: MfxweaOL.mp3 (3158.5s)
2026-04-30 11:47:28  INFO          parsed 438 entries
2026-04-30 11:47:28  INFO        SRT: 2CZPRYo0/heb_o_rav_2017-05-23_program_haim-hadashim-ktaim_n604.srt  MP3: 5hQWZoWB.mp3 (867.6s)
2026-04-30 11:47:28  INFO          parsed 233 entries
2026-04-30 11:47:28  INFO        SRT: 2DFnFCA3/heb_o_rav_bs-akdama-zohar_2014-03-02_lesson.srt  MP3: 570JNdsL.mp3 (3007.0s)
2026-04-30 11:47:28  INFO          parsed 451 entries
2026-04-30 11:47:28  INFO        SRT: 2DZnplDP/heb_o_rav_2023-02-13_lesson_zohar-la-am-hakdama-mitzva-6_n1_p1.srt  MP3: yraJe23K.mp3 (2054.8s)
2026-04-30 11:47:28  INFO          parsed 213 entries
2026-04-30 11:47:28  INFO        SRT: 2DjRxN3r/heb_o_rav_2014-06-22_program_haim-hadashim_n412.srt  MP3: vdJbbcfq.mp3 (1639.5s)
2026-04-30 11:47:28  INFO          parsed 357 entries
2026-04-30 11:47:28  INFO        SRT: 2EGgfMm2/heb_o_rav_2016-05-05_program_haim-hadashim_n726.srt  MP3: 4sSTC4jz.mp3 (1687.5s)
2026-04-30 11:47:28  INFO          parsed 386 entries
2026-04-30 11:47:28  INFO        SRT: 2EHwMFVk/heb_o_rav_2015-09-08_program_haim-hadashim_n622.srt  MP3: 7PhjriR8.mp3 (1629.3s)
2026-04-30 11:47:28  INFO          parsed 352 entries
2026-04-30 11:47:28  INFO        SRT: 2FSr0C0i/heb_o_rav_bs-shalom-ba-olam_2016-01-20_lesson.srt  MP3: 1bBmgnkF.mp3 (3110.1s)
2026-04-30 11:47:28  INFO          parsed 546 entries
2026-04-30 11:47:28  INFO        SRT: 2Mk8UIFB/heb_o_rav_2015-03-24_program_haim-hadashim_n539.srt  MP3: eK0Z0zTs.mp3 (1701.7s)
2026-04-30 11:47:28  INFO          parsed 398 entries
2026-04-30 11:47:28  INFO        SRT: 2Nkr8q2Y/heb_o_rav_2022-11-17_program_haolam_hachet_n214.srt  MP3: 3tfHQidN.mp3 (1478.2s)
2026-04-30 11:47:28  INFO          parsed 235 entries
2026-04-30 11:47:28  INFO        SRT: 2Oaaxzpq/heb_o_norav_2008-10-23_tohnit_bb_meira-ve-haverim_hasipur-hamushlam_96K.srt  MP3: 6zyliTzs.mp3 (1257.7s)
2026-04-30 11:47:28  INFO          parsed 212 entries
2026-04-30 11:47:28  INFO        SRT: 2Q3B9DR5/heb_o_rav_bs-akdama-zohar_2014-01-28_lesson.srt  MP3: Sov7IHL8.mp3 (3410.8s)
2026-04-30 11:47:28  INFO          parsed 590 entries
2026-04-30 11:47:29  INFO        SRT: 2Rs8fQfG/heb_o_rav_2013-05-28_program_haim-hadashim_189.srt  MP3: 89a3eo9Z.mp3 (3586.1s)
2026-04-30 11:47:29  INFO          parsed 730 entries
2026-04-30 11:47:29  INFO        SRT: 2SKePeEt/heb_o_rav_2012-12-27_program_haim-hadashim_n122.srt  MP3: vjJGBZ1l.mp3 (3551.2s)
2026-04-30 11:47:29  INFO          parsed 931 entries
2026-04-30 11:47:29  INFO        SRT: 2T8dhChw/heb_o_rav_2013-02-13_program_kurs-arvut_n8.srt  MP3: uNeErChO.mp3 (3456.6s)
2026-04-30 11:47:29  INFO          parsed 1144 entries
2026-04-30 11:47:29  INFO        SRT: 2TeSGJ4a/heb_o_rav_2015-02-12_program_haim-hadashim_n520.srt  MP3: cvZQ2KVZ.mp3 (1653.0s)
2026-04-30 11:47:29  INFO          parsed 361 entries
2026-04-30 11:47:29  INFO        SRT: 2W7MeUsM/heb_o_rav_2016-05-05_program_haim-hadashim_n725.srt  MP3: KVa5SsYh.mp3 (1620.9s)
2026-04-30 11:47:29  INFO          parsed 290 entries
2026-04-30 11:47:29  INFO        SRT: 2WS9NzqX/heb_o_rav_2023-05-24_lesson_bs-aravut_n1_p1.srt  MP3: fvw6pQMY.mp3 (6330.6s)
2026-04-30 11:47:29  INFO          parsed 666 entries
2026-04-30 11:47:29  INFO        SRT: 2YoeGTeb/heb_o_rav_2022-12-27_lesson_zohar-la-am-hakdama-otiot-himnona-saba_n1_p1.srt  MP3: YgL7vWZW.mp3 (6659.1s)
2026-04-30 11:47:29  INFO          parsed 418 entries
2026-04-30 11:47:29  INFO        SRT: 2ZadHqvG/heb_o_rav_bs-mahut-hochmat-kabbala_2014-08-20_lesson.srt  MP3: BpDXroFE.mp3 (3200.1s)
2026-04-30 11:47:29  INFO          parsed 550 entries
2026-04-30 11:47:29  INFO        SRT: 2di4IpXb/heb_o_rav_bs-mitzva-achat_2015-05-31_lesson.srt  MP3: qhLoPG47.mp3 (3170.2s)
2026-04-30 11:47:29  INFO          parsed 548 entries
2026-04-30 11:47:29  INFO        SRT: 2gTptWHc/heb_o_rav_bs-matan-tora_2015-05-05_lesson.srt  MP3: Rw0KHK3D.mp3 (3100.9s)
2026-04-30 11:47:29  INFO          parsed 489 entries
2026-04-30 11:47:29  INFO        SRT: 2h59Os7y/heb_o_rav_bs-shamati-037-purim_2016-03-10_lesson.srt  MP3: pMnjVt1p.mp3 (3115.5s)
2026-04-30 11:47:29  INFO          parsed 218 entries
2026-04-30 11:47:29  INFO        SRT: 2iXLBRgU/heb_o_rav_2013-12-29_program_haim-hadashim_n274.srt  MP3: Tjpxt2Xv.mp3 (3611.8s)
2026-04-30 11:47:29  INFO          parsed 678 entries
2026-04-30 11:47:29  INFO        SRT: 2ix3WDbP/heb_o_rav_2009-10-01_program_mekubalim-kotvim_hisaron.srt  MP3: lq7AdxPJ.mp3 (1791.4s)
2026-04-30 11:47:29  INFO          parsed 449 entries
2026-04-30 11:47:29  INFO        SRT: 2jFZUfwd/heb_o_rav_2012-11-04_program_haim-hadashim_n99.srt  MP3: 2W5eWNxo.mp3 (3625.2s)
2026-04-30 11:47:29  INFO          parsed 684 entries
2026-04-30 11:47:29  INFO        SRT: 2liMgwHW/heb_o_rav_2015-09-01_program_haim-hadashim_n620.srt  MP3: 6eXQwigZ.mp3 (1630.5s)
2026-04-30 11:47:29  INFO          parsed 325 entries
2026-04-30 11:47:29  INFO        SRT: 2m4wZT04/heb_o_rav_2016-12-08_program_haim-hadashim_n800.srt  MP3: GwAz7apS.mp3 (1666.0s)
2026-04-30 11:47:29  INFO          parsed 375 entries
2026-04-30 11:47:29  INFO        SRT: 2nxC2czB/heb_o_rav_bs-shalom-ba-olam_2016-05-04_lesson.srt  MP3: BuTM9mOC.mp3 (3120.8s)
2026-04-30 11:47:29  INFO          parsed 524 entries
2026-04-30 11:47:29  INFO        SRT: 2p19W93o/heb_o_rav_2014-04-17_program_haim-hadashim_n353.srt  MP3: QDm9LKJ0.mp3 (1816.9s)
2026-04-30 11:47:29  INFO          parsed 400 entries
2026-04-30 11:47:30  INFO        SRT: 2r1ZRGfb/heb_o_rav_2015-04-07_program_haim-hadashim_n548.srt  MP3: Cf4NtnVV.mp3 (1659.4s)
2026-04-30 11:47:30  INFO          parsed 364 entries
2026-04-30 11:47:30  INFO        SRT: 2syJOt1p/heb_o_rav_2014-02-21_program_mekubalim-kotvim_tov-vera-2.srt  MP3: biVNxBbb.mp3 (1806.3s)
2026-04-30 11:47:30  INFO          parsed 373 entries
2026-04-30 11:47:30  INFO        SRT: 2tdkNj5n/heb_o_rav_bs-matan-tora_2014-05-26_lesson.srt  MP3: 1P6iESNf.mp3 (3124.6s)
2026-04-30 11:47:30  INFO          parsed 593 entries
2026-04-30 11:47:30  INFO        SRT: 2vtPGyDK/heb_o_rav_emunat-rabo_2016-11-20_lesson_n2.srt  MP3: QUINfVWt.mp3 (2884.9s)
2026-04-30 11:47:30  INFO          parsed 397 entries
2026-04-30 11:47:30  INFO        SRT: 2wKNVAk4/heb_o_rav_bs-aravut_2015-12-29_lesson.srt  MP3: afh9SEdz.mp3 (3170.8s)
2026-04-30 11:47:30  INFO          parsed 488 entries
2026-04-30 11:47:30  INFO        SRT: 2xxu353S/heb_o_rav_2014-08-22_program_mekubalim-kotvim_am-israel-muhan-leor-5.srt  MP3: X5RYYfPw.mp3 (1700.3s)
2026-04-30 11:47:30  INFO          parsed 320 entries
2026-04-30 11:47:30  INFO        SRT: 2yGBEqp4/heb_o_rav_2017-06-08_lesson_bs-matan-tora_n1_p2.srt  MP3: eQvEFtuy.mp3 (2646.7s)
2026-04-30 11:47:30  INFO          parsed 473 entries
2026-04-30 11:47:30  INFO        SRT: 30BCXm1h/heb_o_rav_2013-12-05_program_haim-hadashim-ktaim_n118.srt  MP3: xq1xJMyo.mp3 (795.1s)
2026-04-30 11:47:30  INFO          parsed 213 entries
2026-04-30 11:47:30  INFO        SRT: 30Tx64X6/heb_o_rav_2012-06-15_program_asakim-hadashim_n1.srt  MP3: irdwgwNk.mp3 (1745.6s)
2026-04-30 11:47:30  INFO          parsed 397 entries
2026-04-30 11:47:30  INFO        SRT: 30fOTDk1/heb_o_rav_2014-04-09_program_pitaron_n31.srt  MP3: QrX8GxnT.mp3 (1650.9s)
2026-04-30 11:47:30  INFO          parsed 342 entries
2026-04-30 11:47:30  INFO        SRT: 31dQwknB/heb_o_rav_bs-kabbala-ve-filosofia_2013-07-01_lesson_n1.srt  MP3: CBI8mXSs.mp3 (3226.2s)
2026-04-30 11:47:30  INFO          parsed 560 entries
2026-04-30 11:47:30  INFO        SRT: 330tbi9b/heb_o_rav_2016-03-15_program_haim-hadashim_n704.srt  MP3: lqBFpsMt.mp3 (1665.7s)
2026-04-30 11:47:30  INFO          parsed 320 entries
2026-04-30 11:47:30  INFO        SRT: 37TDKnEQ/heb_o_rav_2010-09-01_program_kabbalah-lemathil_madrega-ruhanit.srt  MP3: 8jk7crkc.mp3 (3479.0s)
2026-04-30 11:47:30  INFO          parsed 731 entries
2026-04-30 11:47:30  INFO        SRT: 3Ae8L6yQ/heb_o_rav_2014-07-06_program_aguda-ahat_n16.srt  MP3: lJh7mVyq.mp3 (1642.7s)
2026-04-30 11:47:30  INFO          parsed 368 entries
2026-04-30 11:47:30  INFO        SRT: 3CImvhl7/heb_o_rav_2023-10-30_lesson_rb-1987-04-me-adam-ra_n1_p1.srt  MP3: mlRUMqg4.mp3 (4949.1s)
2026-04-30 11:47:30  INFO          parsed 501 entries
2026-04-30 11:47:30  INFO        SRT: 3DVPwRTc/heb_o_rav_2014-05-13_program_haim-hadashim_n369.srt  MP3: geO66Qoo.mp3 (1838.7s)
2026-04-30 11:47:30  INFO          parsed 394 entries
2026-04-30 11:47:30  INFO        SRT: 3FINwfRG/heb_o_rav_2014-06-15_program_haim-hadashim_n406.srt  MP3: VxTKkZRs.mp3 (1613.6s)
2026-04-30 11:47:30  INFO          parsed 388 entries
2026-04-30 11:47:31  INFO        SRT: 3FNGKpqJ/heb_o_norav_2011-05-02_program_nekuda_asher-biton.srt  MP3: zsMjAlWh.mp3 (1881.9s)
2026-04-30 11:47:31  INFO          parsed 419 entries
2026-04-30 11:47:31  INFO        SRT: 3GFobFjP/heb_o_rav_2018-04-29_program_haim-hadashim_n1005.srt  MP3: IqNOAoVx.mp3 (1662.2s)
2026-04-30 11:47:31  INFO          parsed 531 entries
2026-04-30 11:47:31  INFO        SRT: 3HKDbKJh/heb_o_rav_2010-10-13_program_kabbalah-lemathil_daaga-adadit.srt  MP3: 37qMb2xU.mp3 (3497.4s)
2026-04-30 11:47:31  INFO          parsed 666 entries
2026-04-30 11:47:31  INFO        SRT: 3IMYAZsY/heb_o_rav_2023-04-04_lesson_pesach_n1_p1.srt  MP3: PP4JbWWM.mp3 (5704.5s)
2026-04-30 11:47:31  INFO          parsed 292 entries
2026-04-30 11:47:31  INFO        SRT: 3IgA6mas/heb_o_rav_bs-kabbala-ve-mahuta_2013-12-10_lesson.srt  MP3: xVFhir3V.mp3 (3242.9s)
2026-04-30 11:47:31  INFO          parsed 582 entries
2026-04-30 11:47:31  INFO        SRT: 3KRxJ05H/heb_o_rav_2009-06-09_program_shal-mekubal_n114.srt  MP3: O3xwQCWl.mp3 (1742.5s)
2026-04-30 11:47:31  INFO          parsed 419 entries
2026-04-30 11:47:31  INFO        SRT: 3PzeT3ZA/heb_o_rav_2015-01-01_program_haim-hadashim_n489.srt  MP3: JIevzqhP.mp3 (1635.5s)
2026-04-30 11:47:31  INFO          parsed 350 entries
2026-04-30 11:47:31  INFO        SRT: 3TF3Fy0z/heb_o_rav_bs-galut-ve-geula_2013-08-04_lesson.srt  MP3: vbkRA9yz.mp3 (2978.6s)
2026-04-30 11:47:31  INFO          parsed 547 entries
2026-04-30 11:47:31  INFO        SRT: 3VuLZTLl/heb_o_rav_bs-matan-tora_2017-01-05_lesson.srt  MP3: GKOmU9U8.mp3 (2807.1s)
2026-04-30 11:47:31  INFO          parsed 469 entries
2026-04-30 11:47:31  INFO        SRT: 3Wlrd4TT/heb_o_norav_2022-05-30_vl_mahshevet-israel_hatnayim-lenihul-sicha-efektivit_n51.srt  MP3: 1rKuByXT.mp3 (3694.2s)
2026-04-30 11:47:31  INFO          parsed 928 entries
2026-04-30 11:47:31  INFO        SRT: 3YqaM7BL/heb_o_rav_2013-08-25_program_olamot-nifgashim_gilui-bore-lenevra.srt  MP3: 3O6Tfl5p.mp3 (5585.2s)
2026-04-30 11:47:31  INFO          parsed 574 entries
2026-04-30 11:47:31  INFO        SRT: 3YxbFEtV/heb_o_rav_rb-1990-16-mi-kotzer-ruah_2014-04-06_lesson.srt  MP3: 4L40qEr8.mp3 (3090.1s)
2026-04-30 11:47:31  INFO          parsed 521 entries
2026-04-30 11:47:31  INFO        SRT: 3ZdKOh6C/heb_o_rav_bs-ahavat-ashem_2015-10-27_lesson.srt  MP3: 3CnpCRpY.mp3 (3167.6s)
2026-04-30 11:47:31  INFO          parsed 537 entries
2026-04-30 11:47:31  INFO        SRT: 3aXdZcSc/heb_o_rav_2014-09-07_program_haim-hadashim-ktaim_n248.srt  MP3: iFcAm8pn.mp3 (836.0s)
2026-04-30 11:47:31  INFO          parsed 193 entries
2026-04-30 11:47:31  INFO        SRT: 3dPbESuq/heb_o_norav_2009-05-06_program_holiday_meira-ve-haverim_lag-ba-omer.srt  MP3: Bf4xUIlN.mp3 (749.8s)
2026-04-30 11:47:31  INFO          parsed 116 entries
2026-04-30 11:47:31  INFO        SRT: 3elED9Ne/heb_o_rav_2015-05-17_program_haim-hadashim_n570.srt  MP3: JN3LymGc.mp3 (1685.6s)
2026-04-30 11:47:31  INFO          parsed 379 entries
2026-04-30 11:47:31  INFO        SRT: 3jyQ6T1K/heb_o_rav_bs-akdama-tes_2016-09-21_lesson.srt  MP3: lIoTgCqu.mp3 (2874.2s)
2026-04-30 11:47:31  INFO          parsed 323 entries
2026-04-30 11:47:31  INFO        SRT: 3kd49KW0/heb_o_rav_2017-06-04_lesson_bs-matan-tora_n1_p3.srt  MP3: OmsGAb7Z.mp3 (2727.9s)
2026-04-30 11:47:31  INFO          parsed 479 entries
2026-04-30 11:47:32  INFO        SRT: 3ksSZ0In/heb_o_rav_2015-02-06_program_ahshav-ani_kabed-aveiha-veimha.srt  MP3: ofdFLQny.mp3 (1773.0s)
2026-04-30 11:47:32  INFO          parsed 371 entries
2026-04-30 11:47:32  INFO        SRT: 3ksxqARs/heb_o_rav_2023-02-14_lesson_zohar-la-am-hakdama-mitzva-7_n1_p1.srt  MP3: fgONzhTt.mp3 (7467.0s)
2026-04-30 11:47:32  INFO          parsed 405 entries
2026-04-30 11:47:32  INFO        SRT: 3nQJ97d2/heb_o_rav_bs-kabbala-ve-mahuta_2015-09-08_lesson.srt  MP3: LnNyq5Cc.mp3 (3060.0s)
2026-04-30 11:47:32  INFO          parsed 482 entries
2026-04-30 11:47:32  INFO        SRT: 3nWdqKsa/heb_o_rav_pesach_2017-04-12_lesson_n2.srt  MP3: 8Dm9ZvAa.mp3 (2517.8s)
2026-04-30 11:47:32  INFO          parsed 347 entries
2026-04-30 11:47:32  INFO        SRT: 3oFzim4e/heb_o_rav_2014-12-12_program_olamot-nifgashim_kabbalah-vemada-24.srt  MP3: TAWZxUkG.mp3 (1671.9s)
2026-04-30 11:47:32  INFO          parsed 360 entries
2026-04-30 11:47:32  INFO        SRT: 3oKI90tW/heb_o_norav_2010-10-21_program_katan-aleinu_n14.srt  MP3: qbIKjd2T.mp3 (1156.2s)
2026-04-30 11:47:32  INFO          parsed 409 entries
2026-04-30 11:47:32  INFO        SRT: 3q5NyMWN/heb_o_rav_2018-02-01_program_haim-hadashim-ktaim_n692.srt  MP3: fS4NC1wH.mp3 (750.7s)
2026-04-30 11:47:32  INFO          parsed 172 entries
2026-04-30 11:47:32  INFO        SRT: 3tEXcwyb/heb_o_rav_mismah-arosa_2017-01-11_lesson.srt  MP3: bqicDeG3.mp3 (2831.6s)
2026-04-30 11:47:32  INFO          parsed 428 entries
2026-04-30 11:47:32  INFO        SRT: 3uZAv09f/heb_o_rav_2023-10-03_lesson_bs-aravut_n1_p1.srt  MP3: TGpbeIjS.mp3 (5595.0s)
2026-04-30 11:47:32  INFO          parsed 344 entries
2026-04-30 11:47:32  INFO        SRT: 3uvHZzTT/heb_o_rav_2012-01-09_program_haim-hadashim_n11.srt  MP3: B5LbkaH3.mp3 (3987.0s)
2026-04-30 11:47:32  INFO          parsed 774 entries
2026-04-30 11:47:32  INFO        SRT: 3vcGlowo/heb_o_rav_2015-05-25_program_parashat-ashavua-v_balak.srt  MP3: XO5XlM1q.mp3 (1634.5s)
2026-04-30 11:47:32  INFO          parsed 389 entries
2026-04-30 11:47:32  INFO        SRT: 3vi5I5la/heb_o_rav_2012-09-16_program_haim-hadashim_n75.srt  MP3: n3Yxm8XP.mp3 (3539.4s)
2026-04-30 11:47:32  INFO          parsed 662 entries
2026-04-30 11:47:32  INFO        SRT: 3wx1g9Hc/heb_o_rav_2015-08-16_program_haim-hadashim_n613.srt  MP3: TDMOB4mA.mp3 (1679.9s)
2026-04-30 11:47:32  INFO          parsed 361 entries
2026-04-30 11:47:32  INFO        SRT: 3zXcnmme/heb_o_rav_2014-06-11_program_haim-hadashim-ktaim_n183.srt  MP3: 5gyCMM8t.mp3 (694.4s)
2026-04-30 11:47:32  INFO          parsed 151 entries
2026-04-30 11:47:32  INFO        SRT: 43OPeYyO/heb_o_rav_bs-ahavat-ashem_2013-06-02_lesson_n4.srt  MP3: moci2N3Q.mp3 (3128.2s)
2026-04-30 11:47:32  INFO          parsed 547 entries
2026-04-30 11:47:32  INFO        SRT: 445JDGV3/heb_o_rav_bs-akdama-zohar_2014-01-16_lesson.srt  MP3: QYDAxXmi.mp3 (3278.0s)
2026-04-30 11:47:32  INFO          parsed 587 entries
2026-04-30 11:47:32  INFO        SRT: 44BKKnjP/heb_o_rav_2018-01-17_lesson_bs-akdama-zohar_n1_p2.srt  MP3: oAhWzT9g.mp3 (2549.8s)
2026-04-30 11:47:32  INFO          parsed 525 entries
2026-04-30 11:47:32  INFO        SRT: 44tWVKVf/heb_o_norav_2008-12-25_program_ahat-al-ahat_meira-levi.srt  MP3: xahiVpDp.mp3 (2057.1s)
2026-04-30 11:47:32  INFO          parsed 418 entries
2026-04-30 11:47:33  INFO        SRT: 458GtMf4/heb_o_rav_2010-06-07_program_lehargish-zohar_ayala.srt  MP3: qaAXNyIO.mp3 (2125.3s)
2026-04-30 11:47:33  INFO          parsed 424 entries
2026-04-30 11:47:33  INFO        SRT: 46Mx8b8p/heb_o_rav_2012-12-23_program_haim-hadashim_n116.srt  MP3: G1eP7QtD.mp3 (3527.3s)
2026-04-30 11:47:33  INFO          parsed 500 entries
2026-04-30 11:47:33  INFO        SRT: 46yLziyV/heb_o_norav_2010-08-05_program_katan-aleinu_n4.srt  MP3: eQUZEGrO.mp3 (1146.0s)
2026-04-30 11:47:33  INFO          parsed 313 entries
2026-04-30 11:47:33  INFO        SRT: 47UmeyS3/heb_o_rav_2023-03-27_lesson_pesach_n1_p1.srt  MP3: KYKr9APn.mp3 (6363.7s)
2026-04-30 11:47:33  INFO          parsed 630 entries
2026-04-30 11:47:33  INFO        SRT: 48paeUxY/heb_o_rav_achana-le-pesach_2017-03-30_lesson_n3.srt  MP3: Hq5E7LYD.mp3 (2867.6s)
2026-04-30 11:47:33  INFO          parsed 152 entries
2026-04-30 11:47:33  INFO        SRT: 4B1WEJBX/heb_o_rav_bs-mitzva-achat_2013-09-22_lesson.srt  MP3: uz02C3Ay.mp3 (3234.9s)
2026-04-30 11:47:33  INFO          parsed 572 entries
2026-04-30 11:47:33  INFO        SRT: 4BpOTgiJ/heb_o_rav_2019-11-14_program_haim-hadashim_n1176.srt  MP3: yw4TLDrs.mp3 (1695.0s)
2026-04-30 11:47:33  INFO          parsed 462 entries
2026-04-30 11:47:33  INFO        SRT: 4CgQG8QC/heb_o_rav_bs-ashalom_2014-10-13_lesson.srt  MP3: TWnBp6aU.mp3 (3227.6s)
2026-04-30 11:47:33  INFO          parsed 622 entries
2026-04-30 11:47:33  INFO        SRT: 4D88T3jF/heb_o_rav_2012-08-13_program_haim-hadashim_n58.srt  MP3: ePkMuxht.mp3 (3557.7s)
2026-04-30 11:47:33  INFO          parsed 590 entries
2026-04-30 11:47:33  INFO        SRT: 4DtGIeOh/heb_o_rav_2023-09-20_lesson_rb-1984-01-1-matarat-hevra-1_n1_p1.srt  MP3: 5Xt1ZEo2.mp3 (6135.0s)
2026-04-30 11:47:33  INFO          parsed 953 entries
2026-04-30 11:47:33  INFO        SRT: 4EJjE2qK/heb_o_rav_mismah-arosa_2017-01-29_lesson.srt  MP3: MUW9Hd9J.mp3 (2701.2s)
2026-04-30 11:47:33  INFO          parsed 459 entries
2026-04-30 11:47:33  INFO        SRT: 4Ew0POkV/heb_o_rav_bs-kabbala-ve-mahuta_2013-12-06_lesson.srt  MP3: wsEt59re.mp3 (3212.9s)
2026-04-30 11:47:33  INFO          parsed 511 entries
2026-04-30 11:47:33  INFO        SRT: 4FNn3mNp/heb_o_rav_2012-06-26_program_haim-hadashim_n21.srt  MP3: Rog6vd6m.mp3 (3403.8s)
2026-04-30 11:47:33  INFO          parsed 764 entries
2026-04-30 11:47:33  INFO        SRT: 4GgcKuee/heb_o_rav_2023-07-23_lesson_yortzait-ari_n1_p1.srt  MP3: ycn1tZir.mp3 (8826.9s)
2026-04-30 11:47:33  INFO          parsed 487 entries
2026-04-30 11:47:33  INFO        SRT: 4In7K7y1/heb_o_rav_2014-06-05_program_haim-hadashim-ktaim_n179.srt  MP3: 8YEIDjBO.mp3 (709.0s)
2026-04-30 11:47:33  INFO          parsed 167 entries
2026-04-30 11:47:33  INFO        SRT: 4LTEcBYy/heb_o_rav_2013-07-28_program_haim-hadashim_n216.srt  MP3: JF32auN2.mp3 (3580.2s)
2026-04-30 11:47:33  INFO          parsed 802 entries
2026-04-30 11:47:33  INFO        SRT: 4Li1fP8c/heb_o_rav_2010-11-30_lecture_havaya-veshma-kabbalah_hanuka.srt  MP3: wSQ7FPTa.mp3 (4330.5s)
2026-04-30 11:47:33  INFO          parsed 848 entries
2026-04-30 11:47:33  INFO        SRT: 4RbjTmAT/heb_o_rav_2013-03-03_program_haim-hadashim_n152.srt  MP3: HPQbUfKP.mp3 (3618.6s)
2026-04-30 11:47:33  INFO          parsed 663 entries
2026-04-30 11:47:34  INFO        SRT: 4Rq9b6Bv/heb_o_rav_2017-05-17_program_haim-hadashim-ktaim_n602.srt  MP3: Yw85z4st.mp3 (874.4s)
2026-04-30 11:47:34  INFO          parsed 197 entries
2026-04-30 11:47:34  INFO        SRT: 4SKMHKGu/heb_o_rav_2018-01-28_program_haim-hadashim-ktaim_n690.srt  MP3: lT92X4Ee.mp3 (772.4s)
2026-04-30 11:47:34  INFO          parsed 254 entries
2026-04-30 11:47:34  INFO        SRT: 4Tkrf8nf/heb_o_rav_bs-mahut-dat-ve-matrata_2016-07-14_lesson.srt  MP3: 52lOn3Ha.mp3 (3049.4s)
2026-04-30 11:47:34  INFO          parsed 511 entries
2026-04-30 11:47:34  INFO        SRT: 4UAYM44V/heb_o_rav_rb-1987-07-nes-ha-hanuka_2016-12-27_lesson.srt  MP3: bIKNJKmy.mp3 (2959.1s)
2026-04-30 11:47:34  INFO          parsed 389 entries
2026-04-30 11:47:34  INFO        SRT: 4VGsiL4r/heb_o_rav_2014-02-16_program_haim-hadashim_n302.srt  MP3: RifNEEnn.mp3 (3633.9s)
2026-04-30 11:47:34  INFO          parsed 813 entries
2026-04-30 11:47:34  INFO        SRT: 4ZPQGwrq/heb_o_rav_2016-11-10_program_haim-hadashim_n791.srt  MP3: BNCeA1Us.mp3 (1734.9s)
2026-04-30 11:47:34  INFO          parsed 382 entries
2026-04-30 11:47:34  INFO        SRT: 4ZkatFYW/heb_o_rav_2014-03-02_program_haim-hadashim_n309.srt  MP3: 0OE2QKhv.mp3 (3620.9s)
2026-04-30 11:47:34  INFO          parsed 757 entries
2026-04-30 11:47:34  INFO        SRT: 4d6cyp2C/heb_o_norav_2011-03-04_program_zmanim-tovim_n1.srt  MP3: DOW0Myg7.mp3 (1714.1s)
2026-04-30 11:47:34  INFO          parsed 418 entries
2026-04-30 11:47:34  INFO        SRT: 4f1pbrLC/heb_o_rav_2023-06-27_lesson_rb-1991-20-ein-lecha-davar_n1_p1.srt  MP3: dnIcoHu4.mp3 (6396.4s)
2026-04-30 11:47:34  INFO          parsed 693 entries
2026-04-30 11:47:34  INFO        SRT: 4gj5x5bd/heb_o_rav_2015-09-10_program_haim-hadashim_n624.srt  MP3: 40f7CGue.mp3 (1758.1s)
2026-04-30 11:47:34  INFO          parsed 331 entries
2026-04-30 11:47:34  INFO        SRT: 4gtBtzjK/heb_o_rav_2013-02-18_program_haim-hadashim-ktaim_n21.srt  MP3: m7y3x4Ir.mp3 (776.5s)
2026-04-30 11:47:34  INFO          parsed 166 entries
2026-04-30 11:47:34  INFO        SRT: 4hqT2PgR/heb_o_rav_2014-09-02_program_haim-hadashim_n429.srt  MP3: mrIpC9XM.mp3 (3475.6s)
2026-04-30 11:47:34  INFO          parsed 716 entries
2026-04-30 11:47:34  INFO        SRT: 4l6UnoTa/heb_o_rav_2015-08-06_program_haim-hadashim_n606.srt  MP3: qkNrtDjS.mp3 (1649.8s)
2026-04-30 11:47:34  INFO          parsed 345 entries
2026-04-30 11:47:34  INFO        SRT: 4nB5RArO/heb_o_rav_2012-06-27_program_haim-hadashim_n23.srt  MP3: XZr1pqnK.mp3 (3583.9s)
2026-04-30 11:47:34  INFO          parsed 710 entries
2026-04-30 11:47:34  INFO        SRT: 4ndLH8hJ/heb_o_rav_2022-10-09_program_musagey-yesod_busha-m_n25.srt  MP3: gIFANDyh.mp3 (1752.5s)
2026-04-30 11:47:34  INFO          parsed 427 entries
2026-04-30 11:47:34  INFO        SRT: 4pQSUkqL/heb_o_rav_2016-03-01_program_pitaron_n103.srt  MP3: ipAyY2bE.mp3 (1677.1s)
2026-04-30 11:47:34  INFO          parsed 391 entries
2026-04-30 11:47:34  INFO        SRT: 4rKJWoLb/heb_o_norav_2021-08-23_vl_mahshevet-israel_musika-kabalit-m_n15.srt  MP3: LWSkS0dt.mp3 (3332.1s)
2026-04-30 11:47:34  INFO          parsed 937 entries
2026-04-30 11:47:35  INFO        SRT: 4u6xFEz2/heb_o_rav_2015-12-22_program_haim-hadashim_n664.srt  MP3: tEAYWynL.mp3 (1657.5s)
2026-04-30 11:47:35  INFO          parsed 360 entries
2026-04-30 11:47:35  INFO        SRT: 4vNhz0NW/heb_o_rav_2013-08-13_program_haim-hadashim_n220.srt  MP3: XyacPdXV.mp3 (3679.3s)
2026-04-30 11:47:35  INFO          parsed 711 entries
2026-04-30 11:47:35  INFO        SRT: 4wT6Za8N/heb_o_rav_2015-09-08_program_haim-hadashim_n623.srt  MP3: n7MfDUzK.mp3 (1756.7s)
2026-04-30 11:47:35  INFO          parsed 391 entries
2026-04-30 11:47:35  INFO        SRT: 4xBbhCwu/heb_o_norav_2008-10-23_tohnit_bb_ahat-al-ahat_efrat-aharoni_96K.srt  MP3: la5BXhEW.mp3 (1217.1s)
2026-04-30 11:47:35  INFO          parsed 226 entries
2026-04-30 11:47:35  INFO        SRT: 503nZjsZ/heb_o_rav_2008-10-14_program_shalvei-sulam_more-ruhani.srt  MP3: 11tyKRyB.mp3 (1822.4s)
2026-04-30 11:47:35  INFO          parsed 346 entries
2026-04-30 11:47:35  INFO        SRT: 51QQrv7t/heb_o_rav_2014-11-28_program_olamot-nifgashim_kabbalah-vemada-21.srt  MP3: u2zN9ajI.mp3 (1659.7s)
2026-04-30 11:47:35  INFO          parsed 309 entries
2026-04-30 11:47:35  INFO        SRT: 51diubXZ/heb_o_rav_mismah-arosa_2017-02-01_lesson.srt  MP3: oW15x3oW.mp3 (2580.7s)
2026-04-30 11:47:35  INFO          parsed 400 entries
2026-04-30 11:47:35  INFO        SRT: 53HBBB0f/heb_o_rav_2016-10-18_program_haim-hadashim_n778.srt  MP3: 9PXtZ4y6.mp3 (1652.0s)
2026-04-30 11:47:35  INFO          parsed 356 entries
2026-04-30 11:47:35  INFO        SRT: 53XXw2ky/heb_o_rav_achana-le-kenes-2_2014-01-08_lesson.srt  MP3: ipA5zH8y.mp3 (3124.6s)
2026-04-30 11:47:35  INFO          parsed 566 entries
2026-04-30 11:47:35  INFO        SRT: 555tKDq0/heb_o_rav_2015-12-22_program_pitaron_n94.srt  MP3: SPezifr2.mp3 (1653.7s)
2026-04-30 11:47:35  INFO          parsed 330 entries
2026-04-30 11:47:35  INFO        SRT: 55Vsr9gL/heb_o_rav_bs-shamati-002-shchinta-be-galuta_2016-08-09_lesson.srt  MP3: IFVRas7e.mp3 (2812.1s)
2026-04-30 11:47:35  INFO          parsed 476 entries
2026-04-30 11:47:35  INFO        SRT: 58S313xx/heb_o_rav_hag-ha-hanuka_2016-12-29_lesson.srt  MP3: JGS4Tuzq.mp3 (2960.1s)
2026-04-30 11:47:35  INFO          parsed 377 entries
2026-04-30 11:47:35  INFO        SRT: 58VHdJI5/heb_o_rav_2010-10-12_program_morim-dereh_hiperaktiviyot.srt  MP3: GSgGu0JR.mp3 (1903.6s)
2026-04-30 11:47:35  INFO          parsed 514 entries
2026-04-30 11:47:35  INFO        SRT: 5B3Gj7TC/heb_o_norav_2010-04-29_program_nekuda_jak-duev.srt  MP3: e4R2cCLd.mp3 (1623.7s)
2026-04-30 11:47:35  INFO          parsed 342 entries
2026-04-30 11:47:35  INFO        SRT: 5BlnVH4Q/heb_o_rav_2015-11-01_program_haim-hadashim_n642.srt  MP3: ADhWOfZQ.mp3 (1712.9s)
2026-04-30 11:47:35  INFO          parsed 392 entries
2026-04-30 11:47:35  INFO        SRT: 5KClWLdp/heb_o_rav_2014-05-15_program_haim-hadashim_n370.srt  MP3: lXri1haA.mp3 (1791.9s)
2026-04-30 11:47:35  INFO          parsed 375 entries
2026-04-30 11:47:35  INFO        SRT: 5KzF1IOH/heb_o_rav_2017-01-12_program_haim-hadashim_n810.srt  MP3: tl31KxBM.mp3 (1660.0s)
2026-04-30 11:47:35  INFO          parsed 382 entries
2026-04-30 11:47:35  INFO        SRT: 5LNBmc0A/heb_o_rav_2009-09-14_program_shal-mekubal_n139.srt  MP3: 9SMp9prv.mp3 (1772.1s)
2026-04-30 11:47:35  INFO          parsed 477 entries
2026-04-30 11:47:36  INFO        SRT: 5NtbT2nA/heb_o_rav_2021-03-16_program_haolam_pesah.srt  MP3: FqLdgRB9.mp3 (1651.2s)
2026-04-30 11:47:36  INFO          parsed 244 entries
2026-04-30 11:47:36  INFO        SRT: 5Ow77nkO/heb_o_rav_bs-ashalom_2015-06-21_lesson.srt  MP3: 7M7E0A9i.mp3 (3220.5s)
2026-04-30 11:47:36  INFO          parsed 479 entries
2026-04-30 11:47:36  INFO        SRT: 5PwDfLxb/heb_o_rav_2022-08-02_program_haolam_bechi_n201.srt  MP3: bSNjYkYo.mp3 (1832.6s)
2026-04-30 11:47:36  INFO          parsed 261 entries
2026-04-30 11:47:36  INFO        SRT: 5UOQ0FVO/heb_o_norav_2008-12-14_tohnit_bb_nekuda-she-balev_avi-davidov.srt  MP3: AsKZn1Gw.mp3 (1667.1s)
2026-04-30 11:47:36  INFO          parsed 367 entries
2026-04-30 11:47:36  INFO        SRT: 5X5Nrti9/heb_o_rav_2014-06-15_program_haim-hadashim-ktaim_n185.srt  MP3: 6fCohEz3.mp3 (771.7s)
2026-04-30 11:47:36  INFO          parsed 189 entries
2026-04-30 11:47:36  INFO        SRT: 5XhR8Kvw/heb_o_rav_2010-12-30_program_shalvei-sulam_imahut.srt  MP3: n4BYO3lx.mp3 (1916.8s)
2026-04-30 11:47:36  INFO          parsed 519 entries
2026-04-30 11:47:36  INFO        SRT: 5XqIea0s/heb_o_rav_2016-04-26_program_haim-hadashim_n722.srt  MP3: m9v433U6.mp3 (1639.1s)
2026-04-30 11:47:36  INFO          parsed 350 entries
2026-04-30 11:47:36  INFO        SRT: 5ZjRvI6e/heb_o_rav_2013-12-22_program_haim-hadashim_n273.srt  MP3: JRUqPdjk.mp3 (3607.8s)
2026-04-30 11:47:36  INFO          parsed 728 entries
2026-04-30 11:47:36  INFO        SRT: 5crM2pxL/heb_o_rav_2015-03-16_program_nifgashim-im-kabbalah_yehuda-lankari.srt  MP3: VNbNBJCF.mp3 (2980.5s)
2026-04-30 11:47:36  INFO          parsed 582 entries
2026-04-30 11:47:36  INFO        SRT: 5d6BNgzp/heb_o_rav_2023-07-12_lesson_rb-1988-35-ezra-she-yevakesh_n1_p1.srt  MP3: ZKA67riV.mp3 (4115.4s)
2026-04-30 11:47:36  INFO          parsed 369 entries
2026-04-30 11:47:36  INFO        SRT: 5eq2lZ9e/heb_o_rav_2010-03-31_program_lehargish-zohar_atzmaut.srt  MP3: a0bFQKlb.mp3 (1672.9s)
2026-04-30 11:47:36  INFO          parsed 390 entries
2026-04-30 11:47:36  INFO        SRT: 5f9hDWc4/heb_o_rav_2016-11-01_program_haim-hadashim_n786.srt  MP3: pLbBfOEP.mp3 (1656.9s)
2026-04-30 11:47:36  INFO          parsed 341 entries
2026-04-30 11:47:36  INFO        SRT: 5i0S9RMc/heb_o_rav_2010-09-13_program_kabbalah-lemathil_rabash.srt  MP3: mhQWZstY.mp3 (3500.9s)
2026-04-30 11:47:36  INFO          parsed 622 entries
2026-04-30 11:47:36  INFO        SRT: 5iBXZZeM/heb_o_rav_bs-aravut_2013-05-21_lesson_n14.srt  MP3: KXvk9PCQ.mp3 (3083.4s)
2026-04-30 11:47:36  INFO          parsed 539 entries
2026-04-30 11:47:36  INFO        SRT: 5j6Cf8oa/heb_o_rav_2018-03-22_lesson_rb-igeret-66_n1_p3.srt  MP3: CHDVmBaM.mp3 (1664.3s)
2026-04-30 11:47:36  INFO          parsed 208 entries
2026-04-30 11:47:36  INFO        SRT: 5jqOBehK/heb_o_rav_2014-08-15_program_mekubalim-kotvim_am-israel-muhan-leor-1.srt  MP3: 90caVAMT.mp3 (1689.0s)
2026-04-30 11:47:36  INFO          parsed 335 entries
2026-04-30 11:47:36  INFO        SRT: 5jxku6uS/heb_o_norav_2009-01-14_program_meira-ve-haverim_mehapsim-ahava.srt  MP3: CPZcsbxQ.mp3 (945.5s)
2026-04-30 11:47:36  INFO          parsed 188 entries
2026-04-30 11:47:36  INFO        SRT: 5jyD42Zc/heb_o_rav_2018-02-08_lesson_bs-iton-uma_n1_p2.srt  MP3: WVrUORlA.mp3 (2187.8s)
2026-04-30 11:47:36  INFO          parsed 379 entries
2026-04-30 11:47:37  INFO        SRT: 5l9hjuME/heb_o_rav_2018-03-13_program_haim-hadashim_n979.srt  MP3: jPikJN0X.mp3 (1657.1s)
2026-04-30 11:47:37  INFO          parsed 518 entries
2026-04-30 11:47:37  INFO        SRT: 5qW84kE3/heb_o_rav_2018-03-13_lesson_holidays-pesach_n1_p3.srt  MP3: D5MQwbky.mp3 (2696.0s)
2026-04-30 11:47:37  INFO          parsed 328 entries
2026-04-30 11:47:37  INFO        SRT: 5svuMk64/heb_o_norav_2008-08-19_tohnit_bb_nekuda-she-balev_lior-gur_96K.srt  MP3: aCLVBTT1.mp3 (1721.8s)
2026-04-30 11:47:37  INFO          parsed 423 entries
2026-04-30 11:47:37  INFO        SRT: 5ufkQsnT/heb_o_rav_bs-akdama-zohar_2015-02-26_lesson.srt  MP3: 1sk3YpZX.mp3 (3305.5s)
2026-04-30 11:47:37  INFO          parsed 590 entries
2026-04-30 11:47:37  INFO        SRT: 5xit8K3j/heb_o_rav_2014-09-01_program_mekubalim-kotvim_hush-akarat-ara-2.srt  MP3: okSxkACR.mp3 (1657.7s)
2026-04-30 11:47:37  INFO          parsed 351 entries
2026-04-30 11:47:37  INFO        SRT: 5ywk0r6v/heb_o_rav_2023-02-09_lesson_zohar-la-am-hakdama-mitzva-2_n1_p1.srt  MP3: QEw2tGeF.mp3 (5240.9s)
2026-04-30 11:47:37  INFO          parsed 302 entries
2026-04-30 11:47:37  INFO        SRT: 60kPw84i/heb_o_rav_2015-12-15_program_pitaron_n91.srt  MP3: VXsbAnQO.mp3 (1629.3s)
2026-04-30 11:47:37  INFO          parsed 341 entries
2026-04-30 11:47:37  INFO        SRT: 611Kmhie/heb_o_rav_2018-05-29_program_haim-hadashim_n1014.srt  MP3: oEtxlMWl.mp3 (1672.2s)
2026-04-30 11:47:37  INFO          parsed 414 entries
2026-04-30 11:47:37  INFO        SRT: 63ZZg9HV/heb_o_rav_bs-iton-uma_2014-06-23_lesson.srt  MP3: G2tHcb6X.mp3 (3129.9s)
2026-04-30 11:47:37  INFO          parsed 592 entries
2026-04-30 11:47:37  INFO        SRT: 66s4GDw3/heb_o_rav_2016-12-06_program_haim-hadashim_n799.srt  MP3: INTbacVn.mp3 (1720.2s)
2026-04-30 11:47:37  INFO          parsed 391 entries
2026-04-30 11:47:37  INFO        SRT: 67HVzmdy/heb_o_norav_2009-02-12_program_pothim-zohar_rami-klainshtein_n5.srt  MP3: cU7qlnkg.mp3 (1296.7s)
2026-04-30 11:47:37  INFO          parsed 253 entries
2026-04-30 11:47:37  INFO        SRT: 67tM882K/heb_o_norav_2009-12-16_program_nekuda_hanan-koen.srt  MP3: ZQuahNuc.mp3 (1854.9s)
2026-04-30 11:47:37  INFO          parsed 376 entries
2026-04-30 11:47:37  INFO        SRT: 6A8CASVM/heb_o_rav_bs-akdama-panim-meirot_2014-03-06_lesson.srt  MP3: RRjY9ifV.mp3 (3031.1s)
2026-04-30 11:47:37  INFO          parsed 503 entries
2026-04-30 11:47:37  INFO        SRT: 6AnoJDBP/heb_o_rav_2015-01-16_program_ahshav-ani_al-tignov.srt  MP3: S9hA5rGD.mp3 (1655.9s)
2026-04-30 11:47:37  INFO          parsed 333 entries
2026-04-30 11:47:37  INFO        SRT: 6AylW2p1/heb_o_rav_rb-1986-29-lishma_2016-04-20_lesson.srt  MP3: pwJFIDSZ.mp3 (2941.2s)
2026-04-30 11:47:37  INFO          parsed 387 entries
2026-04-30 11:47:37  INFO        SRT: 6Bw3WpSG/heb_o_rav_2020-05-11_program_tzaadim-rishonim_gilgul-neshamot.srt  MP3: c6jeGc83.mp3 (1786.2s)
2026-04-30 11:47:37  INFO          parsed 418 entries
2026-04-30 11:47:37  INFO        SRT: 6DCGfwk5/heb_o_rav_2017-08-08_lesson_bs-aravut_n1_p3.srt  MP3: vDsFDj7d.mp3 (2542.6s)
2026-04-30 11:47:37  INFO          parsed 528 entries
2026-04-30 11:47:37  INFO        SRT: 6ESLZqmu/heb_o_rav_achana-le-kenes_2013-07-07_lesson_n4.srt  MP3: mImmq3Jr.mp3 (4944.5s)
2026-04-30 11:47:37  INFO          parsed 968 entries
2026-04-30 11:47:38  INFO        SRT: 6GJbCqFd/heb_o_rav_2014-05-20_program_haim-hadashim_n376.srt  MP3: 0oYWP7rI.mp3 (1746.0s)
2026-04-30 11:47:38  INFO          parsed 363 entries
2026-04-30 11:47:38  INFO        SRT: 6I2oigqj/heb_o_rav_bs-maamar-herut-1_2016-06-28_lesson.srt  MP3: gwfuCRv4.mp3 (3158.6s)
2026-04-30 11:47:38  INFO          parsed 403 entries
2026-04-30 11:47:38  INFO        SRT: 6Ik9UvZM/heb_o_rav_2009-06-23_program_shal-mekubal_n117.srt  MP3: cnzh5boY.mp3 (1771.5s)
2026-04-30 11:47:38  INFO          parsed 491 entries
2026-04-30 11:47:38  INFO        SRT: 6L3SE91C/heb_o_rav_2017-07-24_lesson_bein-hamezarim_n1_p3.srt  MP3: CspmNzMZ.mp3 (2519.3s)
2026-04-30 11:47:38  INFO          parsed 551 entries
2026-04-30 11:47:38  INFO        SRT: 6NcJQ2EG/heb_o_rav_2009-10-05_program_shal-mekubal_n144.srt  MP3: 9FUB84hG.mp3 (1773.1s)
2026-04-30 11:47:38  INFO          parsed 417 entries
2026-04-30 11:47:38  INFO        SRT: 6NgLpKz9/heb_o_rav_2015-03-03_program_haim-hadashim_n533.srt  MP3: x0Mux8fj.mp3 (1739.7s)
2026-04-30 11:47:38  INFO          parsed 393 entries
2026-04-30 11:47:38  INFO        SRT: 6OEmFD5y/heb_o_rav_2015-07-12_program_haim-hadashim_n598.srt  MP3: gsbCzAHE.mp3 (1629.1s)
2026-04-30 11:47:38  INFO          parsed 383 entries
2026-04-30 11:47:38  INFO        SRT: 6SKNJlWF/heb_o_rav_2022-06-12_program_musagey-yesod_tzimtzum_n16.srt  MP3: IqVDPnoM.mp3 (1733.1s)
2026-04-30 11:47:38  INFO          parsed 511 entries
2026-04-30 11:47:38  INFO        SRT: 6SeNGopj/heb_o_rav_2014-06-16_program_olamot-nifgashim_todaa-shel-am-israel-1.srt  MP3: 7hvQ8FoP.mp3 (1616.2s)
2026-04-30 11:47:38  INFO          parsed 376 entries
2026-04-30 11:47:38  INFO        SRT: 6T5aiDyr/heb_o_rav_rb-1990-16-mi-kotzer-ruah_2014-04-07_lesson_n2.srt  MP3: 4c4MGFlF.mp3 (3050.5s)
2026-04-30 11:47:38  INFO          parsed 471 entries
2026-04-30 11:47:38  INFO        SRT: 6UUVA3EQ/heb_o_rav_bs-kabbala-ve-filosofia_2015-12-20_lesson.srt  MP3: PuzeJaPn.mp3 (3183.4s)
2026-04-30 11:47:38  INFO          parsed 464 entries
2026-04-30 11:47:38  INFO        SRT: 6UtQOXSb/heb_o_rav_2010-01-11_program_sipur-ruhani_adam-ve-hava.srt  MP3: sf1mIY6b.mp3 (1495.2s)
2026-04-30 11:47:38  INFO          parsed 358 entries
2026-04-30 11:47:38  INFO        SRT: 6WASyela/heb_o_rav_achana-le-kenes_2017-04-23_lesson_n2.srt  MP3: LGFyF62Q.mp3 (2697.3s)
2026-04-30 11:47:38  INFO          parsed 203 entries
2026-04-30 11:47:38  INFO        SRT: 6WO2weyk/heb_o_rav_2013-04-21_program_haim-hadashim_n169.srt  MP3: 06gk4JwQ.mp3 (3667.3s)
2026-04-30 11:47:38  INFO          parsed 644 entries
2026-04-30 11:47:38  INFO        SRT: 6X0zzCf3/heb_o_norav_2009-02-12_program_pothim-zohar_rami-klainshtein_n6.srt  MP3: l3mkcm3z.mp3 (1490.3s)
2026-04-30 11:47:38  INFO          parsed 278 entries
2026-04-30 11:47:38  INFO        SRT: 6XG7du0i/heb_o_rav_2017-09-07_lesson_bs-shalom-ba-olam_n1_p3.srt  MP3: e3cyFbSS.mp3 (2877.6s)
2026-04-30 11:47:38  INFO          parsed 459 entries
2026-04-30 11:47:38  INFO        SRT: 6XY0aHCe/heb_o_rav_2013-04-22_program_mekubalim-kotvim_tafkid-am-israel.srt  MP3: XcvymI3D.mp3 (1829.2s)
2026-04-30 11:47:38  INFO          parsed 406 entries
2026-04-30 11:47:38  INFO        SRT: 6XiWNCV8/heb_o_rav_2014-05-02_program_olamot-nifgashim_kabbalah-vemada-2.srt  MP3: s01UiGa7.mp3 (1763.1s)
2026-04-30 11:47:38  INFO          parsed 409 entries
2026-04-30 11:47:39  INFO        SRT: 6Xr6quI7/heb_o_rav_2023-06-15_lesson_rb-1991-08-avraam-zaken_n1_p1.srt  MP3: SHOxyMqO.mp3 (7355.5s)
2026-04-30 11:47:39  INFO          parsed 402 entries
2026-04-30 11:47:39  INFO        SRT: 6YRlBcF8/heb_o_rav_2014-05-20_program_haim-hadashim_n377.srt  MP3: XTUdLdjU.mp3 (1831.5s)
2026-04-30 11:47:39  INFO          parsed 431 entries
2026-04-30 11:47:39  INFO        SRT: 6YiSBqD6/heb_o_rav_2015-08-12_program_pitaron_n69.srt  MP3: 2nfB9dFH.mp3 (1646.7s)
2026-04-30 11:47:39  INFO          parsed 325 entries
2026-04-30 11:47:39  INFO        SRT: 6Zb2jdM8/heb_o_rav_2023-07-25_lesson_rb-1988-33-evdel-bein-klali_n1_p1.srt  MP3: 4ouOcFeF.mp3 (5859.5s)
2026-04-30 11:47:39  INFO          parsed 767 entries
2026-04-30 11:47:39  INFO        SRT: 6b2Z1YoW/heb_o_rav_2023-08-22_lesson_rb-1987-16-evdel-avodat-prat_n1_p1.srt  MP3: 1X4FGYTx.mp3 (4940.6s)
2026-04-30 11:47:39  INFO          parsed 568 entries
2026-04-30 11:47:39  INFO        SRT: 6cHGEPP6/heb_o_rav_2015-02-08_program_haim-hadashim_n517.srt  MP3: wsmc87jC.mp3 (1651.9s)
2026-04-30 11:47:39  INFO          parsed 360 entries
2026-04-30 11:47:39  INFO        SRT: 6cJBUUX5/heb_o_rav_2014-08-12_program_haim-hadashim_n425.srt  MP3: nql73Xte.mp3 (3649.0s)
2026-04-30 11:47:39  INFO          parsed 724 entries
2026-04-30 11:47:39  INFO        SRT: 6ewv4oP8/heb_o_rav_2014-08-05_program_haim-hadashim-ktaim_n215.srt  MP3: KUJXutXC.mp3 (780.9s)
2026-04-30 11:47:39  INFO          parsed 185 entries
2026-04-30 11:47:39  INFO        SRT: 6ffKIWTh/heb_o_rav_2013-01-22_program_haim-hadashim_n128.srt  MP3: ppHNdFsS.mp3 (3633.3s)
2026-04-30 11:47:39  INFO          parsed 603 entries
2026-04-30 11:47:39  INFO        SRT: 6fhiAs6D/heb_o_rav_2023-03-14_lesson_pesach_n1_p1.srt  MP3: paEU7zMo.mp3 (9000.3s)
2026-04-30 11:47:39  INFO          parsed 541 entries
2026-04-30 11:47:39  INFO        SRT: 6g5oEhRx/heb_o_rav_2017-09-05_program_haim-hadashim_n903.srt  MP3: h56S4Jzb.mp3 (1717.4s)
2026-04-30 11:47:39  INFO          parsed 480 entries
2026-04-30 11:47:39  INFO        SRT: 6kuR7Im9/heb_o_rav_2018-01-23_lesson_bs-akdama-zohar_n1_p3.srt  MP3: Dw79Yes6.mp3 (2724.5s)
2026-04-30 11:47:39  INFO          parsed 480 entries
2026-04-30 11:47:39  INFO        SRT: 6mgHFNJV/heb_o_rav_2015-11-01_program_haim-hadashim_n641.srt  MP3: oABG3GB4.mp3 (1625.9s)
2026-04-30 11:47:39  INFO          parsed 368 entries
2026-04-30 11:47:39  INFO        SRT: 6oXD6EPa/heb_o_norav_2009-08-13_program_pothim-zohar_n25.srt  MP3: bN0GR2xb.mp3 (998.2s)
2026-04-30 11:47:39  INFO          parsed 159 entries
2026-04-30 11:47:39  INFO        SRT: 6qUXpRqi/heb_o_rav_2023-08-06_lesson_rb-1985-24-gimel-zmanim_n1_p1.srt  MP3: GxxwSbKZ.mp3 (5874.7s)
2026-04-30 11:47:39  INFO          parsed 562 entries
2026-04-30 11:47:39  INFO        SRT: 6uhCccks/heb_o_rav_2011-04-20_program_akol-patuah_keneged-arbaa-banim.srt  MP3: 7iDJRHrz.mp3 (1782.7s)
2026-04-30 11:47:39  INFO          parsed 390 entries
2026-04-30 11:47:39  INFO        SRT: 6zWtU5re/heb_o_rav_2018-05-01_program_haim-hadashim_n1007.srt  MP3: Sy6QcRLD.mp3 (1624.2s)
2026-04-30 11:47:39  INFO          parsed 437 entries
2026-04-30 11:47:39  INFO        SRT: 77Vjmxw6/heb_o_norav_2008-09-21_tohnit_bb_nekuda-she-balev_moshik-shteigman_96.srt  MP3: uMstwOWV.mp3 (1849.7s)
2026-04-30 11:47:39  INFO          parsed 197 entries
2026-04-30 11:47:40  INFO        SRT: 7ARdusDG/heb_o_rav_bs-maamar-herut-1_2016-07-04_lesson.srt  MP3: 0BgLyKun.mp3 (2817.6s)
2026-04-30 11:47:40  INFO          parsed 433 entries
2026-04-30 11:47:40  INFO        SRT: 7AjZFqxV/heb_o_rav_2017-08-23_lesson_achana-le-kenes_n1_p2.srt  MP3: pKvMzdfr.mp3 (2259.0s)
2026-04-30 11:47:40  INFO          parsed 465 entries
2026-04-30 11:47:40  INFO        SRT: 7FIxjjnR/heb_o_norav_2013-07-02_program_hohmat-alev_tfila.srt  MP3: 4a7iajeO.mp3 (1323.2s)
2026-04-30 11:47:40  INFO          parsed 289 entries
2026-04-30 11:47:40  INFO        SRT: 7Fe8DNWv/heb_o_rav_2016-03-17_program_haim-hadashim_n705.srt  MP3: O4wZwaBW.mp3 (1658.1s)
2026-04-30 11:47:40  INFO          parsed 333 entries
2026-04-30 11:47:40  INFO        SRT: 7G71bn0h/heb_o_rav_2015-03-31_program_haim-hadashim_n543.srt  MP3: JkZSq4kz.mp3 (1637.1s)
2026-04-30 11:47:40  INFO          parsed 415 entries
2026-04-30 11:47:40  INFO        SRT: 7GCKhv4K/heb_o_rav_2013-02-22_program_pitaron_n11.srt  MP3: 7Fo17iU1.mp3 (3520.1s)
2026-04-30 11:47:40  INFO          parsed 655 entries
2026-04-30 11:47:40  INFO        SRT: 7GuhT3G4/heb_o_rav_2017-06-29_program_haim-hadashim-ktaim_n614.srt  MP3: YhX8tT92.mp3 (865.3s)
2026-04-30 11:47:40  INFO          parsed 244 entries
2026-04-30 11:47:40  INFO        SRT: 7HtOUbiJ/heb_o_rav_ibur_2016-11-29_lesson_n2.srt  MP3: 1HXnsn3S.mp3 (2797.4s)
2026-04-30 11:47:40  INFO          parsed 399 entries
2026-04-30 11:47:40  INFO        SRT: 7IAYZWjM/heb_o_rav_2015-10-13_program_haim-hadashim_n634.srt  MP3: Fm8D5xML.mp3 (1660.0s)
2026-04-30 11:47:40  INFO          parsed 288 entries
2026-04-30 11:47:40  INFO        SRT: 7IhbZ5g4/heb_o_rav_2013-03-17_program_haim-hadashim_n159.srt  MP3: t7rmBcEz.mp3 (3621.5s)
2026-04-30 11:47:40  INFO          parsed 823 entries
2026-04-30 11:47:40  INFO        SRT: 7KVu2AdZ/heb_o_norav_2009-07-17_program_lomdim-yahad-meurav_yesodot-kabbalah_9beav_n65.srt  MP3: tIlnwTwD.mp3 (1671.0s)
2026-04-30 11:47:40  INFO          parsed 414 entries
2026-04-30 11:47:40  INFO        SRT: 7KeoFLXZ/heb_o_rav_2016-10-13_program_haim-hadashim_n777.srt  MP3: 8GGW3Pfo.mp3 (1664.6s)
2026-04-30 11:47:40  INFO          parsed 374 entries
2026-04-30 11:47:40  INFO        SRT: 7Kyv68jT/heb_o_rav_bs-shamati-159-ve-yehi-ba-yamim_2016-04-13_lesson.srt  MP3: SFKULXcL.mp3 (3052.0s)
2026-04-30 11:47:40  INFO          parsed 552 entries
2026-04-30 11:47:40  INFO        SRT: 7Ojah7OS/heb_o_rav_2015-01-27_program_haim-hadashim_n512.srt  MP3: zWE49tVK.mp3 (1664.7s)
2026-04-30 11:47:40  INFO          parsed 390 entries
2026-04-30 11:47:40  INFO        SRT: 7PugJNyu/heb_o_rav_2014-07-17_program_haim-hadashim_n421.srt  MP3: Bn5GJsOv.mp3 (3606.5s)
2026-04-30 11:47:40  INFO          parsed 882 entries
2026-04-30 11:47:40  INFO        SRT: 7V4qLbuY/heb_o_rav_2013-09-29_program_olamot-nifgashim_gilui-thunat-ashpaa-beadam.srt  MP3: PR8apMaS.mp3 (5077.2s)
2026-04-30 11:47:40  INFO          parsed 1030 entries
2026-04-30 11:47:40  INFO        SRT: 7VXr73s6/heb_o_rav_2015-10-21_program_haim-hadashim_n636.srt  MP3: YKd33XzP.mp3 (1656.6s)
2026-04-30 11:47:40  INFO          parsed 319 entries
2026-04-30 11:47:41  INFO        SRT: 7VyVjOH1/heb_o_rav_2015-10-08_program_haim-hadashim_n631.srt  MP3: YZilV8Y4.mp3 (1646.1s)
2026-04-30 11:47:41  INFO          parsed 375 entries
2026-04-30 11:47:41  INFO        SRT: 7WCRKdfb/heb_o_rav_bs-iton-uma_2015-11-04_lesson.srt  MP3: w0spnjWI.mp3 (3209.6s)
2026-04-30 11:47:41  INFO          parsed 453 entries
2026-04-30 11:47:41  INFO        SRT: 7WnrviBU/heb_o_rav_bs-aravut_2016-01-06_lesson.srt  MP3: mNk4A56u.mp3 (3456.4s)
2026-04-30 11:47:41  INFO          parsed 616 entries
2026-04-30 11:47:41  INFO        SRT: 7Wqol1FO/heb_o_rav_2017-05-15_lesson_bs-mahut-hochmat-kabbala_n1_p3.srt  MP3: nV227VDL.mp3 (2559.0s)
2026-04-30 11:47:41  INFO          parsed 496 entries
2026-04-30 11:47:41  INFO        SRT: 7Xh9kooY/heb_o_rav_2014-02-21_program_mekubalim-kotvim_sidur.srt  MP3: JSRZ88Rt.mp3 (1794.4s)
2026-04-30 11:47:41  INFO          parsed 344 entries
2026-04-30 11:47:41  INFO        SRT: 7Xit4cdk/heb_o_rav_2021-10-19_program_haolam_malachim.srt  MP3: zDl54szq.mp3 (1537.2s)
2026-04-30 11:47:41  INFO          parsed 227 entries
2026-04-30 11:47:41  INFO        SRT: 7dnLXvBg/heb_o_norav_2021-06-14_vl_mahshevet-israel_antishemiyut-m_n5.srt  MP3: 9VM3Fv6s.mp3 (4953.0s)
2026-04-30 11:47:41  INFO          parsed 1473 entries
2026-04-30 11:47:41  INFO        SRT: 7g9vluQT/heb_o_rav_2022-10-13_program_haolam_hishtokekut_n209.srt  MP3: hULm767p.mp3 (1674.0s)
2026-04-30 11:47:41  INFO          parsed 265 entries
2026-04-30 11:47:41  INFO        SRT: 7lBVutjW/heb_o_norav_2009-02-20_program-bb_lomdim-yahad-meurav_asafohayon_ptiha-lehohmat-kabbalah_part9.srt  MP3: dFJX0175.mp3 (1913.0s)
2026-04-30 11:47:41  INFO          parsed 507 entries
2026-04-30 11:47:41  INFO        SRT: 7lncjGDj/heb_o_norav_2008-12-01_program-bb_shaat-sipur_prahim-hahi-yafim.srt  MP3: FZb6gNv2.mp3 (869.1s)
2026-04-30 11:47:41  INFO          parsed 207 entries
2026-04-30 11:47:41  INFO        SRT: 7nlc7VAx/heb_o_rav_2013-12-01_program_haim-hadashim-ktaim_n116.srt  MP3: TXXeb7Yb.mp3 (778.3s)
2026-04-30 11:47:41  INFO          parsed 184 entries
2026-04-30 11:47:41  INFO        SRT: 7oJh0Jki/heb_o_rav_2023-05-07_lesson_mitoch-she-lo-lishma-baim-lishma_n1_p1.srt  MP3: gDODyHz8.mp3 (5193.9s)
2026-04-30 11:47:41  INFO          parsed 505 entries
2026-04-30 11:47:41  INFO        SRT: 7q4SojOm/heb_o_rav_bs-shivha-tirash-gvirta_2016-08-18_lesson.srt  MP3: zJ9WrFQR.mp3 (2812.5s)
2026-04-30 11:47:41  INFO          parsed 417 entries
2026-04-30 11:47:41  INFO        SRT: 7s78gcDq/heb_o_rav_2017-06-08_program_haim-hadashim-ktaim_n607.srt  MP3: 7ZCoEfbk.mp3 (861.3s)
2026-04-30 11:47:41  INFO          parsed 233 entries
2026-04-30 11:47:41  INFO        SRT: 7sLuH7pF/heb_o_norav_2009-04-23_program_pothim-zohar_rami-klainshtein_n12.srt  MP3: sjwIamqX.mp3 (1074.6s)
2026-04-30 11:47:41  INFO          parsed 169 entries
2026-04-30 11:47:41  INFO        SRT: 7tHSQxux/heb_o_rav_bs-shamati-037-purim_2016-03-09_lesson.srt  MP3: AyQxiFjH.mp3 (3137.3s)
2026-04-30 11:47:41  INFO          parsed 490 entries
2026-04-30 11:47:41  INFO        SRT: 7tWSVwpX/heb_o_rav_2017-06-22_lesson_bs-shamati-003-asaga-ruchanit_n1_p3.srt  MP3: GexEUjFo.mp3 (2651.6s)
2026-04-30 11:47:41  INFO          parsed 461 entries
2026-04-30 11:47:41  INFO        SRT: 7vLBuod9/heb_o_rav_kulanu-keehad_2017-01-25_lesson_n2.srt  MP3: gTcuOZcU.mp3 (2799.6s)
2026-04-30 11:47:41  INFO          parsed 402 entries
2026-04-30 11:47:42  INFO        SRT: 7vfKyv6d/heb_o_rav_2016-11-10_program_haim-hadashim_n790.srt  MP3: n2BADrfr.mp3 (1565.8s)
2026-04-30 11:47:42  INFO          parsed 359 entries
2026-04-30 11:47:42  INFO        SRT: 7wDkegDa/heb_o_rav_bs-kabbala-ve-mahuta_2015-09-09_lesson.srt  MP3: jK495Rnk.mp3 (3259.7s)
2026-04-30 11:47:42  INFO          parsed 610 entries
2026-04-30 11:47:42  INFO        SRT: 7xRa2D9a/heb_o_rav_bs-matan-tora_2017-02-08_lesson.srt  MP3: Y7uRlwdO.mp3 (2685.4s)
2026-04-30 11:47:42  INFO          parsed 379 entries
2026-04-30 11:47:42  INFO        SRT: 7yjuqq9Y/heb_o_rav_2015-12-24_program_haim-hadashim_n665.srt  MP3: UbWDP0bC.mp3 (1751.8s)
2026-04-30 11:47:42  INFO          parsed 382 entries
2026-04-30 11:47:42  INFO        SRT: 7yrisk2E/heb_o_rav_2016-06-21_program_pitaron_n117.srt  MP3: nes3fVLA.mp3 (1679.3s)
2026-04-30 11:47:42  INFO          parsed 513 entries
2026-04-30 11:47:42  INFO        SRT: 7ziAnWcn/heb_o_rav_2016-12-29_program_haim-hadashim_n806.srt  MP3: abFNmc5k.mp3 (1659.2s)
2026-04-30 11:47:42  INFO          parsed 400 entries
2026-04-30 11:47:42  INFO        SRT: 833Aj3Oa/heb_o_rav_2013-02-13_lesson_parashat-ashavua_truma.srt  MP3: He0PB6vK.mp3 (2654.7s)
2026-04-30 11:47:42  INFO          parsed 523 entries
2026-04-30 11:47:42  INFO        SRT: 83zFdUV8/heb_o_norav_2011-01-24_program_shiur-lahaim_revim-bein-ahim.srt  MP3: k3PdSwei.mp3 (1142.6s)
2026-04-30 11:47:42  INFO          parsed 324 entries
2026-04-30 11:47:42  INFO        SRT: 85ULzyma/heb_o_norav_11-09-2008_tohnit_bb_ahat-al-ahat_daniel_abilia_96K.srt  MP3: amfJw3zC.mp3 (1678.8s)
2026-04-30 11:47:42  INFO          parsed 402 entries
2026-04-30 11:47:42  INFO        SRT: 88e7Jr8p/heb_o_rav_2015-09-02_program_pitaron_n75.srt  MP3: t4Hge8NO.mp3 (1660.2s)
2026-04-30 11:47:42  INFO          parsed 386 entries
2026-04-30 11:47:42  INFO        SRT: 896oj1k3/heb_o_rav_2016-04-12_program_pitaron_n109.srt  MP3: QbcoLaOQ.mp3 (1656.3s)
2026-04-30 11:47:42  INFO          parsed 453 entries
2026-04-30 11:47:42  INFO        SRT: 8DMflzcK/heb_o_norav_2009-05-01_program_lomdim-yahad-meurav_yesodot-kabbalah_giladshadmon_n35.srt  MP3: SICGLc6q.mp3 (1800.6s)
2026-04-30 11:47:42  INFO          parsed 513 entries
2026-04-30 11:47:42  INFO        SRT: 8GUqJMCc/heb_o_norav_2009-01-06_program_ahat-al-ahat_efrat-navon.srt  MP3: xIpuF4iD.mp3 (2115.9s)
2026-04-30 11:47:42  INFO          parsed 559 entries
2026-04-30 11:47:42  INFO        SRT: 8IDVD9JE/heb_o_norav_2010-11-22_program_nekuda_adam-hayot.srt  MP3: BaOLEeQD.mp3 (2005.2s)
2026-04-30 11:47:42  INFO          parsed 416 entries
2026-04-30 11:47:42  INFO        SRT: 8IY9GI1X/heb_o_rav_bs-shalom-ba-olam_2016-09-07_lesson.srt  MP3: r6OdBmwS.mp3 (2809.3s)
2026-04-30 11:47:42  INFO          parsed 503 entries
2026-04-30 11:47:42  INFO        SRT: 8KB2fzSU/heb_o_norav_2008-12-24_program-bb_meira-ve-haverim_mangina-mushlemet.srt  MP3: ZzuqnPYg.mp3 (1087.1s)
2026-04-30 11:47:42  INFO          parsed 200 entries
2026-04-30 11:47:42  INFO        SRT: 8L2coisw/heb_o_rav_2023-03-23_lesson_pesach_n1_p1.srt  MP3: U7YpQli7.mp3 (4975.9s)
2026-04-30 11:47:42  INFO          parsed 700 entries
2026-04-30 11:47:42  INFO        SRT: 8L9e58JM/heb_o_rav_2023-07-09_lesson_rb-1988-34-yom-ve-laila_n1_p1.srt  MP3: LDrerGd7.mp3 (5218.3s)
2026-04-30 11:47:42  INFO          parsed 549 entries
2026-04-30 11:47:43  INFO        SRT: 8NSxaEts/heb_o_rav_bs-galut-ve-geula_2015-12-07_lesson.srt  MP3: RoHHaztQ.mp3 (3228.3s)
2026-04-30 11:47:43  INFO          parsed 560 entries
2026-04-30 11:47:43  INFO        SRT: 8PIeDtXh/heb_o_rav_bs-matan-tora_2015-12-24_lesson.srt  MP3: BASQxOUs.mp3 (3234.8s)
2026-04-30 11:47:43  INFO          parsed 393 entries
2026-04-30 11:47:43  INFO        SRT: 8PlCrVUY/heb_o_rav_bs-maamar-le-sium-zohar_2016-03-03_lesson.srt  MP3: nqIS0l6b.mp3 (3077.0s)
2026-04-30 11:47:43  INFO          parsed 546 entries
2026-04-30 11:47:43  INFO        SRT: 8PobEUMk/heb_o_rav_2018-07-03_program_haim-hadashim_n1029.srt  MP3: M7P109nA.mp3 (1645.3s)
2026-04-30 11:47:43  INFO          parsed 396 entries
2026-04-30 11:47:43  INFO        SRT: 8QgfBgT8/heb_o_norav_2010-08-18_program_nekuda_yair-oren.srt  MP3: FKsdf3U1.mp3 (1722.8s)
2026-04-30 11:47:43  INFO          parsed 455 entries
2026-04-30 11:47:43  INFO        SRT: 8TFit2uI/heb_o_rav_2015-01-29_program_haim-hadashim_n513.srt  MP3: gOcY275r.mp3 (1660.1s)
2026-04-30 11:47:43  INFO          parsed 305 entries
2026-04-30 11:47:43  INFO        SRT: 8TTa36pj/heb_o_rav_2023-10-09_lesson_ein-od-milvado_n1_p1.srt  MP3: 3tiNveNl.mp3 (6902.9s)
2026-04-30 11:47:43  INFO          parsed 597 entries
2026-04-30 11:47:43  INFO        SRT: 8TnwFwry/heb_o_rav_2012-08-31_program_pitaron_n1.srt  MP3: dXn2wGF4.mp3 (3423.7s)
2026-04-30 11:47:43  INFO          parsed 699 entries
2026-04-30 11:47:43  INFO        SRT: 8UQW6HOc/heb_o_rav_2023-08-17_lesson_rb-1985-22-kol-ha-tora_n1_p1.srt  MP3: wZGSlDb8.mp3 (7121.5s)
2026-04-30 11:47:43  INFO          parsed 785 entries
2026-04-30 11:47:43  INFO        SRT: 8Uo8q5y4/heb_o_rav_rb-dargot-sulam-913-be-torato-ieege_2014-03-16_lesson.srt  MP3: baPy76vt.mp3 (3224.3s)
2026-04-30 11:47:43  INFO          parsed 491 entries
2026-04-30 11:47:43  INFO        SRT: 8WWdGOec/heb_o_rav_2023-07-16_lesson_rb-1991-11-yetzer-tov_n1_p1.srt  MP3: CCjTBFPn.mp3 (5560.1s)
2026-04-30 11:47:43  INFO          parsed 591 entries
2026-04-30 11:47:43  INFO        SRT: 8YiUiNSs/heb_o_rav_2018-01-14_program_haim-hadashim_n947.srt  MP3: MzshbLX3.mp3 (1659.3s)
2026-04-30 11:47:43  INFO          parsed 433 entries
2026-04-30 11:47:43  INFO        SRT: 8cm2mFVH/heb_o_rav_2014-06-25_program_haim-hadashim-ktaim_n192.srt  MP3: Elicu301.mp3 (802.0s)
2026-04-30 11:47:43  INFO          parsed 169 entries
2026-04-30 11:47:43  INFO        SRT: 8cpEr5Wx/heb_o_rav_2023-03-12_lesson_pesach_n1_p1.srt  MP3: tbs5xaHw.mp3 (7510.2s)
2026-04-30 11:47:43  INFO          parsed 586 entries
2026-04-30 11:47:43  INFO        SRT: 8hWTt3YR/heb_o_rav_2016-08-03_program_mekubalim-kotvim_bore-amehaneh.srt  MP3: PtKmdnRz.mp3 (1692.3s)
2026-04-30 11:47:43  INFO          parsed 353 entries
2026-04-30 11:47:43  INFO        SRT: 8hWaajEa/heb_o_rav_2015-02-17_program_haim-hadashim_n523.srt  MP3: S1HCFHhx.mp3 (1670.8s)
2026-04-30 11:47:43  INFO          parsed 376 entries
2026-04-30 11:47:43  INFO        SRT: 8iRxFuoE/heb_o_rav_2014-11-27_program_mekubalim-kotvim_netina-kekli-4.srt  MP3: MGxKOJrY.mp3 (1635.9s)
2026-04-30 11:47:43  INFO          parsed 347 entries
2026-04-30 11:47:44  INFO        SRT: 8jGHXH8N/heb_o_rav_2015-04-16_program_haim-hadashim_n555.srt  MP3: Yaq69bCm.mp3 (1674.1s)
2026-04-30 11:47:44  INFO          parsed 352 entries
2026-04-30 11:47:44  INFO        SRT: 8lpWvQ1h/heb_o_rav_2017-03-08_program_haim-hadashim-ktaim_n582.srt  MP3: NO01wHih.mp3 (758.4s)
2026-04-30 11:47:44  INFO          parsed 132 entries
2026-04-30 11:47:44  INFO        SRT: 8mG6fb8G/heb_o_rav_2009-07-01_program_mekubalim-kotvim_al-neshama.srt  MP3: ZuHALi0R.mp3 (1840.7s)
2026-04-30 11:47:44  INFO          parsed 462 entries
2026-04-30 11:47:44  INFO        SRT: 8q1d3tLo/heb_o_rav_2013-12-05_program_haim-hadashim-ktaim_n120.srt  MP3: jyUPpG3i.mp3 (813.8s)
2026-04-30 11:47:44  INFO          parsed 194 entries
2026-04-30 11:47:44  INFO        SRT: 8qYvI44z/heb_o_rav_2009-04-28_program_shal-mekubal_n108.srt  MP3: 3YpOVHlQ.mp3 (1771.7s)
2026-04-30 11:47:44  INFO          parsed 376 entries
2026-04-30 11:47:44  INFO        SRT: 8qfHCp1v/heb_o_rav_bs-aravut_2014-06-12_lesson.srt  MP3: P1UC1B9m.mp3 (3112.1s)
2026-04-30 11:47:44  INFO          parsed 584 entries
2026-04-30 11:47:44  INFO        SRT: 8rokX5hP/heb_o_rav_bs-aravut_2015-05-19_lesson.srt  MP3: sxuVn4Ub.mp3 (3137.6s)
2026-04-30 11:47:44  INFO          parsed 492 entries
2026-04-30 11:47:44  INFO        SRT: 8ucjI9Lc/heb_o_rav_2016-10-13_program_haim-hadashim_n776.srt  MP3: 6U4ujtwZ.mp3 (1658.9s)
2026-04-30 11:47:44  INFO          parsed 323 entries
2026-04-30 11:47:44  INFO        SRT: 8ulSZv1Y/heb_o_rav_2012-08-20_program_haim-hadashim_n60.srt  MP3: IaltVtp6.mp3 (3595.1s)
2026-04-30 11:47:44  INFO          parsed 756 entries
2026-04-30 11:47:44  INFO        SRT: 8v9NTSJL/heb_o_rav_2009-09-07_program_mekubalim-kotvim_rosh-hashana.srt  MP3: k2m3kBQ7.mp3 (1514.1s)
2026-04-30 11:47:44  INFO          parsed 375 entries
2026-04-30 11:47:44  INFO        SRT: 8xsXQ5yZ/heb_o_rav_2017-08-29_lesson_bs-shamati-025-dvarim-ayotzim_n1_p3.srt  MP3: aWSZ7xMw.mp3 (2661.2s)
2026-04-30 11:47:44  INFO          parsed 502 entries
2026-04-30 11:47:44  INFO        SRT: 8yPRhvLx/heb_o_rav_2011-01-12_program_shalvei-sulam_yaldut.srt  MP3: Zl8JLn9k.mp3 (1745.0s)
2026-04-30 11:47:44  INFO          parsed 457 entries
2026-04-30 11:47:44  INFO        SRT: 8ydNhEhp/heb_o_rav_2013-06-21_program_pitaron_n22.srt  MP3: DIEnLS23.mp3 (3640.9s)
2026-04-30 11:47:44  INFO          parsed 752 entries
2026-04-30 11:47:44  INFO        SRT: 8ygSNSRv/heb_o_rav_2014-07-06_program_haim-hadashim_n416.srt  MP3: RC10ppYE.mp3 (1615.9s)
2026-04-30 11:47:44  INFO          parsed 366 entries
2026-04-30 11:47:44  INFO        SRT: 8yheiBb1/heb_t_rav_2011-10-03_program_nifgashim-im-kabbalah_thomas-huebl_p1.srt  MP3: iDB24Pr9.mp3 (3795.3s)
2026-04-30 11:47:44  INFO          parsed 535 entries
2026-04-30 11:47:44  INFO        SRT: 90iHcCdL/heb_o_rav_2023-08-13_lesson_rb-igeret-40_n1_p1.srt  MP3: x5tJhWRC.mp3 (5487.0s)
2026-04-30 11:47:44  INFO          parsed 320 entries
2026-04-30 11:47:44  INFO        SRT: 90inUQYx/heb_o_rav_2013-12-12_program_haim-hadashim_n268.srt  MP3: qs7uDzEd.mp3 (3585.2s)
2026-04-30 11:47:44  INFO          parsed 720 entries
2026-04-30 11:47:44  INFO        SRT: 928GdGyW/heb_o_rav_rb-dargot-sulam-913-be-torato-ieege_2017-03-09_lesson.srt  MP3: ILWiPvO2.mp3 (2591.4s)
2026-04-30 11:47:44  INFO          parsed 360 entries
2026-04-30 11:47:45  INFO        SRT: 93UBZUQo/heb_o_norav_2009-03-03_program_ahat-al-ahat_lilah-bashan.srt  MP3: mWuOyCfQ.mp3 (1999.6s)
2026-04-30 11:47:45  INFO          parsed 497 entries
2026-04-30 11:47:45  INFO        SRT: 94RsWhYl/heb_o_rav_2023-01-02_lesson_zohar-la-am-hakdama-bhibaram-bavraham_n1_p1.srt  MP3: ZJb64Nbq.mp3 (4522.2s)
2026-04-30 11:47:45  INFO          parsed 400 entries
2026-04-30 11:47:45  INFO        SRT: 94bOuDeN/heb_o_rav_2017-09-07_program_haim-hadashim_n904.srt  MP3: psgjKLFk.mp3 (1675.2s)
2026-04-30 11:47:45  INFO          parsed 443 entries
2026-04-30 11:47:45  INFO        SRT: 96b6AsKS/heb_o_rav_bs-akdama-zohar_2014-01-05_lesson.srt  MP3: QLbk7CZF.mp3 (3112.3s)
2026-04-30 11:47:45  INFO          parsed 489 entries
2026-04-30 11:47:45  INFO        SRT: 97AhZYsL/heb_o_rav_2014-04-07_program_mekubalim-kotvim_sipur-yetziat-mitzraim-7.srt  MP3: 0Gpsh5R4.mp3 (1806.9s)
2026-04-30 11:47:45  INFO          parsed 378 entries
2026-04-30 11:47:45  INFO        SRT: 97Ik86uB/heb_o_rav_2015-11-16_program_mekubalim-kotvim_shiflut-vegadlut.srt  MP3: Lam5uVE9.mp3 (1659.7s)
2026-04-30 11:47:45  INFO          parsed 296 entries
2026-04-30 11:47:45  INFO        SRT: 99sBmJZF/heb_o_rav_shiur-achana-le-kenes_2015-08-20_lesson.srt  MP3: FpP8aFcj.mp3 (3301.6s)
2026-04-30 11:47:45  INFO          parsed 516 entries
2026-04-30 11:47:45  INFO        SRT: 9CZEQjy0/heb_o_rav_shiur-achana-le-kenes_2015-08-27_lesson.srt  MP3: yxwzj5Ej.mp3 (3268.5s)
2026-04-30 11:47:45  INFO          parsed 540 entries
2026-04-30 11:47:45  INFO        SRT: 9DTwTFw5/heb_o_rav_2015-08-25_program_haim-hadashim_n614.srt  MP3: uQsG3z4D.mp3 (1648.1s)
2026-04-30 11:47:45  INFO          parsed 323 entries
2026-04-30 11:47:45  INFO        SRT: 9EDfZg85/heb_o_rav_2015-08-25_program_haim-hadashim_n615.srt  MP3: E59XbNMk.mp3 (1731.7s)
2026-04-30 11:47:45  INFO          parsed 383 entries
2026-04-30 11:47:45  INFO        SRT: 9IqoW2UY/heb_o_rav_2014-06-20_program_olamot-nifgashim_todaa-shel-am-israel-4.srt  MP3: sw79QSik.mp3 (1635.5s)
2026-04-30 11:47:45  INFO          parsed 380 entries
2026-04-30 11:47:45  INFO        SRT: 9KOlMjVW/heb_o_rav_2023-07-03_lesson_rb-1987-31-kritat-brit_n1_p1.srt  MP3: eNtNWZkT.mp3 (6617.0s)
2026-04-30 11:47:45  INFO          parsed 877 entries
2026-04-30 11:47:45  INFO        SRT: 9LvCR0j3/heb_o_rav_2012-09-03_program_haim-hadashim_n66.srt  MP3: ukOebRkA.mp3 (3541.4s)
2026-04-30 11:47:45  INFO          parsed 693 entries
2026-04-30 11:47:45  INFO        SRT: 9NuRr4MP/heb_o_rav_2014-05-27_program_haim-hadashim_n383.srt  MP3: WKpIsa58.mp3 (1829.5s)
2026-04-30 11:47:45  INFO          parsed 393 entries
2026-04-30 11:47:45  INFO        SRT: 9RXlDGX7/heb_o_rav_bs-maamar-herut-1_2016-06-21_lesson.srt  MP3: XyUuX61f.mp3 (2887.7s)
2026-04-30 11:47:45  INFO          parsed 471 entries
2026-04-30 11:47:45  INFO        SRT: 9U0N7tIJ/heb_o_rav_2023-06-12_lesson_rb-1989-03-shinui-shaar-dmaot_n1_p1.srt  MP3: YkvG2SNN.mp3 (7645.1s)
2026-04-30 11:47:45  INFO          parsed 654 entries
2026-04-30 11:47:45  INFO        SRT: 9VEC0HuJ/heb_o_rav_2015-05-28_program_haim-hadashim_n576.srt  MP3: cp6NfsqE.mp3 (1756.8s)
2026-04-30 11:47:45  INFO          parsed 412 entries
2026-04-30 11:47:46  INFO        SRT: 9X01Nv9L/heb_o_rav_2017-11-21_program_haim-hadashim-ktaim_n676.srt  MP3: fzvvGY28.mp3 (819.9s)
2026-04-30 11:47:46  INFO          parsed 214 entries
2026-04-30 11:47:46  INFO        SRT: 9YgMgmr8/heb_o_rav_bs-akdama-zohar_2014-03-03_lesson.srt  MP3: DUbAe3k8.mp3 (3198.1s)
2026-04-30 11:47:46  INFO          parsed 493 entries
2026-04-30 11:47:46  INFO        SRT: 9bWt6Dg3/heb_o_rav_bs-shalom-ba-olam_2016-01-27_lesson.srt  MP3: Cn1hhedF.mp3 (3154.7s)
2026-04-30 11:47:46  INFO          parsed 610 entries
2026-04-30 11:47:46  INFO        SRT: 9dx0TVXI/heb_o_rav_2016-12-08_program_haim-hadashim_n801.srt  MP3: 4J5yioRr.mp3 (1796.0s)
2026-04-30 11:47:46  INFO          parsed 394 entries
2026-04-30 11:47:46  INFO        SRT: 9eVMmD7k/heb_o_rav_2013-10-11_program_olamot-nifgashim_atzlaha-behibur.srt  MP3: kswYorqq.mp3 (5802.6s)
2026-04-30 11:47:46  INFO          parsed 1337 entries
2026-04-30 11:47:46  INFO        SRT: 9eeCvENw/heb_o_rav_bs-kabbala-ve-mahuta_2013-11-26_lesson.srt  MP3: a7VC7HlY.mp3 (3254.8s)
2026-04-30 11:47:46  INFO          parsed 604 entries
2026-04-30 11:47:46  INFO        SRT: 9hyFScUp/heb_o_rav_bs-kabbala-ve-filosofia_2013-07-02_lesson_n2.srt  MP3: oEzZQUYq.mp3 (3106.6s)
2026-04-30 11:47:46  INFO          parsed 567 entries
2026-04-30 11:47:46  INFO        SRT: 9ivBlvGo/heb_o_rav_2018-04-22_program_haim-hadashim_n1001.srt  MP3: Yp7y52Fr.mp3 (1723.5s)
2026-04-30 11:47:46  INFO          parsed 418 entries
2026-04-30 11:47:46  INFO        SRT: 9jAYadKK/heb_o_rav_2020-03-30_program_tzaadim-rishonim_olam-hadash.srt  MP3: FB7ZMdUP.mp3 (1823.6s)
2026-04-30 11:47:46  INFO          parsed 402 entries
2026-04-30 11:47:46  INFO        SRT: 9nfrQUWh/heb_o_rav_bs-akdama-panim-meirot_2014-03-05_lesson.srt  MP3: fGcakXis.mp3 (3123.0s)
2026-04-30 11:47:46  INFO          parsed 506 entries
2026-04-30 11:47:46  INFO        SRT: 9oFEZOQZ/heb_o_rav_2015-06-23_program_haim-hadashim_n590.srt  MP3: 6nvGJc5U.mp3 (1644.4s)
2026-04-30 11:47:46  INFO          parsed 383 entries
2026-04-30 11:47:46  INFO        SRT: 9oZoD7l2/heb_o_rav_bs-maamar-le-sium-zohar_2015-05-06_lesson.srt  MP3: iCnqj54S.mp3 (3127.5s)
2026-04-30 11:47:46  INFO          parsed 544 entries
2026-04-30 11:47:46  INFO        SRT: 9oq6xdEe/heb_o_rav_2012-10-09_program_haim-hadashim_n79.srt  MP3: gdM9lLGs.mp3 (3566.3s)
2026-04-30 11:47:46  INFO          parsed 737 entries
2026-04-30 11:47:46  INFO        SRT: 9r7UcN34/heb_o_rav_2012-10-10_program_haim-hadashim_n80.srt  MP3: x5Ku4et9.mp3 (3579.3s)
2026-04-30 11:47:46  INFO          parsed 728 entries
2026-04-30 11:47:47  INFO        SRT: 9rkW95dK/heb_o_rav_2015-05-27_program_pitaron_n53.srt  MP3: nO1OISJq.mp3 (1657.2s)
2026-04-30 11:47:47  INFO          parsed 343 entries
2026-04-30 11:47:47  INFO        SRT: 9u0ud5SQ/heb_o_rav_2023-08-07_lesson_rb-1985-11-ba-inyan-vikuah_n1_p1.srt  MP3: HqEgvF8T.mp3 (3882.1s)
2026-04-30 11:47:47  INFO          parsed 483 entries
2026-04-30 11:47:47  INFO        SRT: 9xiBzZNu/heb_o_norav_2009-04-03_program_lomdim-yahad-meurav_bs-akdama-zohar_eranshiyovich_n2.srt  MP3: si3VP82u.mp3 (1800.0s)
2026-04-30 11:47:47  INFO          parsed 525 entries
2026-04-30 11:47:47  INFO        SRT: 9zZauVei/heb_o_rav_2015-01-15_program_haim-hadashim_n500.srt  MP3: Q0tZL2Tq.mp3 (1709.0s)
2026-04-30 11:47:47  INFO          parsed 313 entries
2026-04-30 11:47:47  INFO        SRT: A1pAjOgn/heb_o_rav_2017-11-12_lesson_achana-le-kenes_n1_p3.srt  MP3: gcCrx7OY.mp3 (2365.0s)
2026-04-30 11:47:47  INFO          parsed 489 entries
2026-04-30 11:47:47  INFO        SRT: A26veUuG/heb_o_rav_mismah-arosa_2017-01-24_lesson.srt  MP3: Ch6oe2QA.mp3 (2821.0s)
2026-04-30 11:47:47  INFO          parsed 461 entries
2026-04-30 11:47:47  INFO        SRT: A3axFiZ3/heb_o_rav_2008-08-27_program-bb_parashat-a-shavua_kopach_tazriya-metzura.srt  MP3: sN6qf3O2.mp3 (1767.8s)
2026-04-30 11:47:47  INFO          parsed 526 entries
2026-04-30 11:47:47  INFO        SRT: A5V8XgPV/heb_o_rav_2016-10-27_program_haim-hadashim_n784.srt  MP3: VvRBnw1j.mp3 (1675.9s)
2026-04-30 11:47:47  INFO          parsed 351 entries
2026-04-30 11:47:47  INFO        SRT: A60v1Jvh/heb_o_rav_bs-maamar-le-sium-zohar_2016-03-02_lesson.srt  MP3: 6uxw0o7Y.mp3 (3268.1s)
2026-04-30 11:47:47  INFO          parsed 569 entries
2026-04-30 11:47:47  INFO        SRT: A8zh1sK5/heb_o_rav_2013-12-04_program_mekubalim-kotvim_sod-bein-adam-lehavero-2.srt  MP3: I45Diylj.mp3 (1782.3s)
2026-04-30 11:47:47  INFO          parsed 339 entries
2026-04-30 11:47:47  INFO        SRT: A9WR8BFi/heb_o_rav_2019-07-01_program_tzaadim-rishonim_sfat-akabbalah.srt  MP3: ePAXftNZ.mp3 (1822.6s)
2026-04-30 11:47:47  INFO          parsed 346 entries
2026-04-30 11:47:47  INFO        SRT: AAiPKZgq/heb_o_rav_2010-11-01_program_lehargish-zohar_klal-hatora.srt  MP3: NS5yONut.mp3 (2078.7s)
2026-04-30 11:47:47  INFO          parsed 414 entries
2026-04-30 11:47:47  INFO        SRT: ABMBTr36/heb_o_rav_bs-aravut_2013-05-02_lesson_n7.srt  MP3: zqWyNxkB.mp3 (3197.1s)
2026-04-30 11:47:47  INFO          parsed 618 entries
2026-04-30 11:47:47  INFO        SRT: ABsBmJjI/heb_o_rav_2012-02-14_program_ahshav-ani_koah-menia.srt  MP3: riV8nMkb.mp3 (1777.9s)
2026-04-30 11:47:47  INFO          parsed 388 entries
2026-04-30 11:47:47  INFO        SRT: ACvrNcfz/heb_o_rav_2023-06-08_lesson_rb-1985-37-mi-meid-al-ha-adam_n1_p1.srt  MP3: j9SPfE1E.mp3 (4623.0s)
2026-04-30 11:47:47  INFO          parsed 331 entries
2026-04-30 11:47:47  INFO        SRT: AD6h16wP/heb_o_rav_2017-11-14_lesson_bs-ashalom_n1_p2.srt  MP3: zYSJVIfl.mp3 (2562.0s)
2026-04-30 11:47:48  INFO          parsed 465 entries
2026-04-30 11:47:48  INFO        SRT: AGcdLM0q/heb_o_rav_2016-05-17_program_pitaron_n112.srt  MP3: jOyPfG2w.mp3 (1654.9s)
2026-04-30 11:47:48  INFO          parsed 367 entries
2026-04-30 11:47:48  INFO        SRT: ALQL6gi0/heb_o_rav_2017-06-18_program_haim-hadashim-ktaim_n609.srt  MP3: HgNGj3Wp.mp3 (881.2s)
2026-04-30 11:47:48  INFO          parsed 237 entries
2026-04-30 11:47:48  INFO        SRT: AMQ8nwqr/heb_o_rav_2013-10-03_program_haim-hadashim_n234.srt  MP3: zluaVr4T.mp3 (3639.0s)
2026-04-30 11:47:48  INFO          parsed 897 entries
2026-04-30 11:47:48  INFO        SRT: ANJjZpjW/heb_o_rav_bs-aravut_2015-05-25_lesson.srt  MP3: vWWYdtHc.mp3 (3041.1s)
2026-04-30 11:47:48  INFO          parsed 461 entries
2026-04-30 11:47:48  INFO        SRT: AOaMHop3/heb_o_rav_2014-09-30_program_haim-hadashim_n438.srt  MP3: Kj2MiKoz.mp3 (1615.6s)
2026-04-30 11:47:48  INFO          parsed 338 entries
2026-04-30 11:47:48  INFO        SRT: AOuoMQzg/heb_o_rav_2015-05-29_program_mekubalim-kotvim_firgun-pgiya-beego-4.srt  MP3: pGsF6MaT.mp3 (1630.0s)
2026-04-30 11:47:48  INFO          parsed 300 entries
2026-04-30 11:47:48  INFO        SRT: APZZnGSJ/heb_o_rav_2015-07-12_program_haim-hadashim_n599.srt  MP3: 4EMyuyQK.mp3 (1653.7s)
2026-04-30 11:47:48  INFO          parsed 416 entries
2026-04-30 11:47:48  INFO        SRT: APrP5D2G/heb_o_rav_2015-08-13_program_haim-hadashim_n610.srt  MP3: vMMVT0VW.mp3 (1750.0s)
2026-04-30 11:47:48  INFO          parsed 333 entries
2026-04-30 11:47:48  INFO        SRT: AQwpdzbe/heb_o_rav_2017-09-10_program_haim-hadashim-ktaim_n653.srt  MP3: XXsqJ4Jr.mp3 (767.1s)
2026-04-30 11:47:48  INFO          parsed 195 entries
2026-04-30 11:47:48  INFO        SRT: ASKt9iZF/heb_o_rav_2015-02-26_program_haim-hadashim_n530.srt  MP3: liP3DZDh.mp3 (1660.3s)
2026-04-30 11:47:48  INFO          parsed 392 entries
2026-04-30 11:47:48  INFO        SRT: ATSoFzTt/heb_o_rav_2016-03-10_program_haim-hadashim_n702.srt  MP3: E4lJI1jy.mp3 (1663.2s)
2026-04-30 11:47:48  INFO          parsed 364 entries
2026-04-30 11:47:48  INFO        SRT: AXRy3bUb/heb_o_rav_2012-12-20_program_haim-hadashim_n114.srt  MP3: Fyt96q4P.mp3 (3539.3s)
2026-04-30 11:47:48  INFO          parsed 774 entries
2026-04-30 11:47:48  INFO        SRT: Aar74MAZ/heb_o_rav_2014-03-06_program_mekubalim-kotvim_gadlut-arav-3.srt  MP3: HbI9zi2S.mp3 (1788.0s)
2026-04-30 11:47:48  INFO          parsed 317 entries
2026-04-30 11:47:48  INFO        SRT: AdLQUcC6/heb_o_rav_2019-07-16_program_haim-hadashim_n1138.srt  MP3: OiaUZzKX.mp3 (1721.3s)
2026-04-30 11:47:48  INFO          parsed 437 entries
2026-04-30 11:47:48  INFO        SRT: AdgO5KVE/heb_o_rav_2014-10-03_program_mekubalim-kotvim_baal-asulam.srt  MP3: VG8CpNMJ.mp3 (1802.0s)
2026-04-30 11:47:48  INFO          parsed 365 entries
2026-04-30 11:47:48  INFO        SRT: Ait9A5hr/heb_o_rav_2011-09-27_program_ahshav-ani_masa-bezman.srt  MP3: v2BXFiOC.mp3 (2233.1s)
2026-04-30 11:47:48  INFO          parsed 468 entries
2026-04-30 11:47:48  INFO        SRT: AjltC77T/heb_o_norav_2009-03-25_program_meira-ve-haverim_kohot-bateva.srt  MP3: t0B3yAzj.mp3 (826.0s)
2026-04-30 11:47:48  INFO          parsed 140 entries
2026-04-30 11:47:49  INFO        SRT: AkymmKwQ/heb_o_rav_2014-01-26_program_haim-hadashim_n295.srt  MP3: z95G9BPF.mp3 (3579.6s)
2026-04-30 11:47:49  INFO          parsed 831 entries
2026-04-30 11:47:49  INFO        SRT: AnjnuJKp/heb_o_rav_2014-07-30_program_haim-hadashim-ktaim_n211.srt  MP3: SleGSR7T.mp3 (817.4s)
2026-04-30 11:47:49  INFO          parsed 172 entries
2026-04-30 11:47:49  INFO        SRT: ArSReRXT/heb_o_rav_bs-ahavat-ashem_2015-06-04_lesson.srt  MP3: awoX5arb.mp3 (3066.6s)
2026-04-30 11:47:49  INFO          parsed 582 entries
2026-04-30 11:47:49  INFO        SRT: AsNLozeK/heb_o_rav_2015-03-26_program_haim-hadashim_n542.srt  MP3: bQUbSaLs.mp3 (1693.8s)
2026-04-30 11:47:49  INFO          parsed 411 entries
2026-04-30 11:47:49  INFO        SRT: AsbcfIP2/heb_o_rav_2013-06-25_program_haim-hadashim_n202.srt  MP3: e9O7uYj0.mp3 (3621.8s)
2026-04-30 11:47:49  INFO          parsed 773 entries
2026-04-30 11:47:49  INFO        SRT: AscDlSFE/heb_o_norav_2008-12-25_program_ahat-al-ahat_jozi-nakash.srt  MP3: njuIyQC5.mp3 (1947.8s)
2026-04-30 11:47:49  INFO          parsed 461 entries
2026-04-30 11:47:49  INFO        SRT: Atmrge5U/heb_o_rav_2017-09-26_program_haim-hadashim-ktaim_n663.srt  MP3: B1yvqQ3Q.mp3 (750.7s)
2026-04-30 11:47:49  INFO          parsed 206 entries
2026-04-30 11:47:49  INFO        SRT: Aw9UHfAJ/heb_o_rav_2021-01-12_program_haolam_itnagdut-leshinui.srt  MP3: jpUmPeaQ.mp3 (1035.0s)
2026-04-30 11:47:49  INFO          parsed 179 entries
2026-04-30 11:47:49  INFO        SRT: AwDAGqF7/heb_o_rav_2013-07-17_program_pitaron_n25.srt  MP3: tLtcx77P.mp3 (3588.8s)
2026-04-30 11:47:49  INFO          parsed 987 entries
2026-04-30 11:47:49  INFO        SRT: AzmCzsV5/heb_o_rav_2016-02-09_program_haim-hadashim_n689.srt  MP3: pmr4Eqd0.mp3 (1751.1s)
2026-04-30 11:47:49  INFO          parsed 370 entries
2026-04-30 11:47:49  INFO        SRT: B1fzxkjV/heb_o_rav_2015-10-27_program_haim-hadashim_n640.srt  MP3: l4SRQ2Yq.mp3 (1691.3s)
2026-04-30 11:47:49  INFO          parsed 351 entries
2026-04-30 11:47:49  INFO        SRT: B2cr2mDU/heb_o_rav_bs-aravut_2015-10-21_lesson.srt  MP3: ml5Akhnl.mp3 (3179.4s)
2026-04-30 11:47:49  INFO          parsed 566 entries
2026-04-30 11:47:49  INFO        SRT: B43oPY6u/heb_o_rav_2010-08-11_program_kabbalah-lemathil_hauma.srt  MP3: l8pZoeBU.mp3 (3393.7s)
2026-04-30 11:47:49  INFO          parsed 744 entries
2026-04-30 11:47:49  INFO        SRT: B4GcW87e/heb_o_norav_2023-01-13_vl_mahshevet-israel_sratim-im-mashmaut_n78.srt  MP3: SFL2Di3c.mp3 (4091.1s)
2026-04-30 11:47:49  INFO          parsed 938 entries
2026-04-30 11:47:49  INFO        SRT: B6KXyRrP/heb_o_rav_bs-mahut-hochmat-kabbala_2014-12-14_lesson.srt  MP3: dtMoRzQ3.mp3 (3018.1s)
2026-04-30 11:47:49  INFO          parsed 614 entries
2026-04-30 11:47:49  INFO        SRT: B83TniSY/heb_o_rav_bs-shalom-ba-olam_2016-09-15_lesson.srt  MP3: cj4bYJSj.mp3 (2877.2s)
2026-04-30 11:47:49  INFO          parsed 421 entries
2026-04-30 11:47:49  INFO        SRT: B8EhzYr9/heb_o_rav_2017-01-03_program_haim-hadashim_n808.srt  MP3: do8cB3Z1.mp3 (1670.6s)
2026-04-30 11:47:49  INFO          parsed 329 entries
2026-04-30 11:47:49  INFO        SRT: BAp3AP74/heb_o_rav_2018-11-20_program_haim-hadashim-ktaim_n778.srt  MP3: PLI7FAB7.mp3 (762.8s)
2026-04-30 11:47:49  INFO          parsed 184 entries
2026-04-30 11:47:50  INFO        SRT: BHaxYm4r/heb_o_rav_zohar-la-am-ktaim-nivharim_2016-02-18_lesson.srt  MP3: 9f7neGGl.mp3 (3038.3s)
2026-04-30 11:47:50  INFO          parsed 401 entries
2026-04-30 11:47:50  INFO        SRT: BJprmXgS/heb_o_norav_2023-11-13_program_mahshevet-israel_antishemyut-ratzchanit-haachim-hamuslemim_n108.srt  MP3: mBIRSrUO.mp3 (3765.4s)
2026-04-30 11:47:50  INFO          parsed 949 entries
2026-04-30 11:47:50  INFO        SRT: BMqh0ysz/heb_o_rav_2014-06-01_program_haim-hadashim_n390.srt  MP3: CoOigYAe.mp3 (1841.7s)
2026-04-30 11:47:50  INFO          parsed 382 entries
2026-04-30 11:47:50  INFO        SRT: BNseFziO/heb_o_rav_ihud-am-israel_2014-07-03_lesson.srt  MP3: Msry3KQc.mp3 (3145.8s)
2026-04-30 11:47:50  INFO          parsed 535 entries
2026-04-30 11:47:50  INFO        SRT: BOPBkYhz/heb_o_rav_2016-09-27_program_haim-hadashim_n773.srt  MP3: zPXggTuv.mp3 (1663.6s)
2026-04-30 11:47:50  INFO          parsed 379 entries
2026-04-30 11:47:50  INFO        SRT: BOj1N5ws/heb_o_rav_2023-03-08_lesson_pesach_n1_p1.srt  MP3: MHSUasHp.mp3 (7364.0s)
2026-04-30 11:47:50  INFO          parsed 499 entries
2026-04-30 11:47:50  INFO        SRT: BPo910eg/heb_o_rav_2014-08-11_program_haim-hadashim-ktaim_n218.srt  MP3: ft0xeSyf.mp3 (790.1s)
2026-04-30 11:47:50  INFO          parsed 164 entries
2026-04-30 11:47:50  INFO        SRT: BRXG5WXi/heb_o_rav_2013-12-05_program_haim-hadashim-ktaim_n119.srt  MP3: wRRUgtWD.mp3 (812.4s)
2026-04-30 11:47:50  INFO          parsed 183 entries
2026-04-30 11:47:50  INFO        SRT: BRvHTT6B/heb_o_rav_2014-02-25_program_mekubalim-kotvim_datiim-vehiloniim.srt  MP3: EFYuWlqS.mp3 (1783.5s)
2026-04-30 11:47:50  INFO          parsed 314 entries
2026-04-30 11:47:50  INFO        SRT: BV2FqWcJ/heb_o_rav_bs-akdama-zohar_2014-01-07_lesson.srt  MP3: PV5k64Qc.mp3 (3164.8s)
2026-04-30 11:47:50  INFO          parsed 544 entries
2026-04-30 11:47:50  INFO        SRT: BWngQUff/heb_o_norav_2009-04-22_program_meira-ve-haverim_mishakim.srt  MP3: 2vjw2TBc.mp3 (558.7s)
2026-04-30 11:47:50  INFO          parsed 105 entries
2026-04-30 11:47:50  INFO        SRT: Be1xLha0/heb_o_rav_2014-03-05_program_mekubalim-kotvim_gadlut-arav.srt  MP3: e8WFqQI0.mp3 (1776.8s)
2026-04-30 11:47:50  INFO          parsed 325 entries
2026-04-30 11:47:50  INFO        SRT: BfQQiH1C/heb_o_rav_bs-shivha-tirash-gvirta_2015-08-12_lesson.srt  MP3: Kte79C9A.mp3 (3208.3s)
2026-04-30 11:47:50  INFO          parsed 526 entries
2026-04-30 11:47:50  INFO        SRT: Bgx384HO/heb_o_rav_2022-08-18_program_haolam_anava_n203.srt  MP3: hD76FW5k.mp3 (1591.2s)
2026-04-30 11:47:50  INFO          parsed 224 entries
2026-04-30 11:47:50  INFO        SRT: BmX3FyGL/heb_o_rav_2016-11-24_program_haim-hadashim_n793.srt  MP3: Zoro0Uzw.mp3 (1639.2s)
2026-04-30 11:47:50  INFO          parsed 368 entries
2026-04-30 11:47:50  INFO        SRT: Bn9xphfI/heb_o_rav_2009-09-27_program_shal-mekubal_n141.srt  MP3: 8SfB6w1f.mp3 (1772.7s)
2026-04-30 11:47:50  INFO          parsed 437 entries
2026-04-30 11:47:50  INFO        SRT: BnrmSOdV/heb_o_rav_2013-05-28_program_haim-hadashim_188.srt  MP3: 8OHaTjvk.mp3 (3550.6s)
2026-04-30 11:47:50  INFO          parsed 778 entries
2026-04-30 11:47:51  INFO        SRT: Bs2JOkRA/heb_o_rav_2014-08-13_program_haim-hadashim-ktaim_n219.srt  MP3: vLhBUaRp.mp3 (727.9s)
2026-04-30 11:47:51  INFO          parsed 165 entries
2026-04-30 11:47:51  INFO        SRT: Bs2jNnWl/heb_o_rav_2014-07-18_program_mekubalim-kotvim_milhamot-israel-1.srt  MP3: CdcIN2zJ.mp3 (1651.0s)
2026-04-30 11:47:51  INFO          parsed 307 entries
2026-04-30 11:47:51  INFO        SRT: BulEz0MW/heb_o_rav_2010-10-04_program_bb_kabbalah-lemathil_ahana.srt  MP3: O3fWBpkI.mp3 (3423.0s)
2026-04-30 11:47:51  INFO          parsed 682 entries
2026-04-30 11:47:51  INFO        SRT: BwgS4P7k/heb_o_rav_2014-01-12_program_haim-hadashim_n286.srt  MP3: yfHaEEJJ.mp3 (3628.2s)
2026-04-30 11:47:51  INFO          parsed 799 entries
2026-04-30 11:47:51  INFO        SRT: BwmRgUHI/heb_o_rav_rb-igeret-57_2016-05-10_lesson.srt  MP3: XkCUDxPo.mp3 (2847.1s)
2026-04-30 11:47:51  INFO          parsed 463 entries
2026-04-30 11:47:51  INFO        SRT: BxDordX7/heb_o_rav_ktaim-nivharim-atzmaut_2017-04-25_lesson_n2.srt  MP3: 6oQxFdOv.mp3 (2890.5s)
2026-04-30 11:47:51  INFO          parsed 439 entries
2026-04-30 11:47:51  INFO        SRT: BzdhRU3i/heb_o_rav_2023-08-23_lesson_rb-1991-23-taharat-afar_n1_p1.srt  MP3: 1u3HV0R4.mp3 (4272.8s)
2026-04-30 11:47:51  INFO          parsed 399 entries
2026-04-30 11:47:51  INFO        SRT: BzgBSmDp/heb_o_rav_2016-01-26_program_pitaron_n100.srt  MP3: 2SCUmvUE.mp3 (1747.3s)
2026-04-30 11:47:51  INFO          parsed 422 entries
2026-04-30 11:47:51  INFO        SRT: C0VIef32/heb_o_norav_2022-01-24_vl_mahshevet-israel_manhigut-bashilton-hamekomi-m_n32.srt  MP3: GuSxoHpE.mp3 (3440.8s)
2026-04-30 11:47:51  INFO          parsed 676 entries
2026-04-30 11:47:51  INFO        SRT: C0nZl1cw/heb_o_rav_2017-02-19_program_haim-hadashim-ktaim_n579.srt  MP3: GPpb0YZN.mp3 (726.7s)
2026-04-30 11:47:51  INFO          parsed 196 entries
2026-04-30 11:47:51  INFO        SRT: C0ogBB6u/heb_o_rav_2022-10-27_program_haolam_sheelot-hatzofim_n211.srt  MP3: rrsqgSzQ.mp3 (1599.0s)
2026-04-30 11:47:51  INFO          parsed 228 entries
2026-04-30 11:47:51  INFO        SRT: C1JuDBb8/heb_o_rav_2018-05-02_lesson_bs-aravut_n1_p2.srt  MP3: Lo6jyphL.mp3 (1988.3s)
2026-04-30 11:47:51  INFO          parsed 320 entries
2026-04-30 11:47:51  INFO        SRT: C3C4fPeQ/heb_o_rav_bs-aravut_2013-05-06_lesson_n9.srt  MP3: K2TslljW.mp3 (3158.3s)
2026-04-30 11:47:51  INFO          parsed 580 entries
2026-04-30 11:47:51  INFO        SRT: C4gtmny9/heb_o_rav_bs-maamar-le-sium-zohar_2016-05-11_lesson.srt  MP3: pxEwdqlQ.mp3 (3103.4s)
2026-04-30 11:47:51  INFO          parsed 554 entries
2026-04-30 11:47:51  INFO        SRT: C5XJ8zR8/heb_o_rav_2017-03-30_program_haim-hadashim-ktaim_n591.srt  MP3: ZfNToy2k.mp3 (860.3s)
2026-04-30 11:47:51  INFO          parsed 175 entries
2026-04-30 11:47:51  INFO        SRT: C7f2hNzh/heb_o_rav_2011-08-30_lecture_havaya-veshma-kabbalah_arvut-hadadit-startap.srt  MP3: zXKnSmlw.mp3 (5340.1s)
2026-04-30 11:47:51  INFO          parsed 994 entries
2026-04-30 11:47:51  INFO        SRT: C8PrDlqz/heb_o_rav_2018-01-25_program_haim-hadashim-ktaim_n689.srt  MP3: D5JdLTa2.mp3 (853.2s)
2026-04-30 11:47:51  INFO          parsed 202 entries
2026-04-30 11:47:52  INFO        SRT: CAouwmqc/heb_o_rav_pesach_2017-04-13_lesson_n2.srt  MP3: z1bWhok8.mp3 (3437.8s)
2026-04-30 11:47:52  INFO          parsed 147 entries
2026-04-30 11:47:52  INFO        SRT: CDip8nYX/heb_o_rav_2016-07-05_program_haim-hadashim_n741.srt  MP3: M6vXXDxz.mp3 (1687.3s)
2026-04-30 11:47:52  INFO          parsed 382 entries
2026-04-30 11:47:52  INFO        SRT: CGRpp6vh/heb_o_rav_2013-04-14_program_haim-hadashim_n165.srt  MP3: 1afAGmOF.mp3 (3640.6s)
2026-04-30 11:47:52  INFO          parsed 707 entries
2026-04-30 11:47:52  INFO        SRT: CHzxOPmc/heb_o_rav_bs-maamar-le-sium-zohar_2015-08-10_lesson.srt  MP3: KN4mrT3L.mp3 (3104.0s)
2026-04-30 11:47:52  INFO          parsed 458 entries
2026-04-30 11:47:52  INFO        SRT: CIOAzLH6/heb_o_rav_2019-05-30_program_haim-hadashim_n1115.srt  MP3: zj9SVsit.mp3 (1717.0s)
2026-04-30 11:47:52  INFO          parsed 369 entries
2026-04-30 11:47:52  INFO        SRT: CNT6jDyB/heb_o_rav_bs-maamar-le-sium-zohar_2014-05-18_lesson.srt  MP3: ct1nnlhn.mp3 (1442.6s)
2026-04-30 11:47:52  INFO          parsed 229 entries
2026-04-30 11:47:52  INFO        SRT: COAYscOf/heb_o_rav_2018-05-30_lesson_bs-kabbala-ve-mahuta_n1_p3.srt  MP3: X7DmSJbD.mp3 (2457.5s)
2026-04-30 11:47:52  INFO          parsed 422 entries
2026-04-30 11:47:52  INFO        SRT: CRRoNfvb/heb_o_rav_2018-05-13_program_haim-hadashim_n1011.srt  MP3: QURMtWbv.mp3 (1668.0s)
2026-04-30 11:47:52  INFO          parsed 480 entries
2026-04-30 11:47:52  INFO        SRT: CTcJxDrI/heb_o_rav_2016-08-11_program_haim-hadashim_n758.srt  MP3: avVRJmOl.mp3 (1656.7s)
2026-04-30 11:47:52  INFO          parsed 423 entries
2026-04-30 11:47:52  INFO        SRT: CU7oHyEH/heb_o_rav_2011-07-26_program_ahshav-ani_gaaguim.srt  MP3: 0zqIdmMy.mp3 (1833.6s)
2026-04-30 11:47:52  INFO          parsed 423 entries
2026-04-30 11:47:52  INFO        SRT: CUqeL3TX/heb_o_rav_2023-01-29_lesson_zohar-la-am-hakdama-lila-decala_n1_p1.srt  MP3: ha8ZrDHd.mp3 (6027.7s)
2026-04-30 11:47:52  INFO          parsed 518 entries
2026-04-30 11:47:52  INFO        SRT: CV9uOr3h/heb_o_rav_2009-07-21_program_shal-mekubal_n124.srt  MP3: 6HsgPdFs.mp3 (1768.5s)
2026-04-30 11:47:52  INFO          parsed 432 entries
2026-04-30 11:47:52  INFO        SRT: CWktXtO8/heb_o_rav_2017-06-21_lesson_bs-shamati-003-asaga-ruchanit_n1_p3.srt  MP3: HanaceKO.mp3 (2757.1s)
2026-04-30 11:47:52  INFO          parsed 593 entries
2026-04-30 11:47:52  INFO        SRT: CX2ov0FE/heb_o_rav_bs-mitzva-achat_2015-06-01_lesson.srt  MP3: Snn7RAjO.mp3 (3026.4s)
2026-04-30 11:47:52  INFO          parsed 488 entries
2026-04-30 11:47:52  INFO        SRT: CahzG0ki/heb_o_rav_2023-11-14_lesson_rb-1988-14-tzoreh-ahavat-haverim_n1_p1.srt  MP3: KMwY2pnz.mp3 (4852.7s)
2026-04-30 11:47:52  INFO          parsed 624 entries
2026-04-30 11:47:52  INFO        SRT: CcUmZs51/heb_o_rav_2014-02-11_program_haim-hadashim_n298.srt  MP3: Q3L03MYK.mp3 (3630.5s)
2026-04-30 11:47:52  INFO          parsed 782 entries
2026-04-30 11:47:52  INFO        SRT: CdcrHzNb/heb_o_rav_bs-akdama-zohar_2014-01-22_lesson.srt  MP3: LJQMXdpc.mp3 (3199.7s)
2026-04-30 11:47:52  INFO          parsed 529 entries
2026-04-30 11:47:52  INFO        SRT: Ce0G3Yfh/heb_o_rav_2014-08-17_program_haim-hadashim-ktaim_n233.srt  MP3: VNA7iHLY.mp3 (790.7s)
2026-04-30 11:47:52  INFO          parsed 183 entries
2026-04-30 11:47:53  INFO        SRT: Ce3r0ITR/heb_o_rav_2013-04-18_program_haim-hadashim_n168.srt  MP3: 1QZJEuYz.mp3 (3626.9s)
2026-04-30 11:47:53  INFO          parsed 720 entries
2026-04-30 11:47:53  INFO        SRT: Ce6HngpW/heb_o_rav_2014-10-27_program_parashat-ashavua-v_hayei-sara.srt  MP3: PP0Ehp4C.mp3 (1758.4s)
2026-04-30 11:47:53  INFO          parsed 407 entries
2026-04-30 11:47:53  INFO        SRT: CgargaiM/heb_o_rav_2013-07-02_program_haim-hadashim_n207.srt  MP3: buiu3aUW.mp3 (3586.5s)
2026-04-30 11:47:53  INFO          parsed 785 entries
2026-04-30 11:47:53  INFO        SRT: CiLqGgqA/heb_o_rav_2018-03-11_lesson_holidays-pesach_n1_p3.srt  MP3: hT3JwqlS.mp3 (2319.4s)
2026-04-30 11:47:53  INFO          parsed 396 entries
2026-04-30 11:47:53  INFO        SRT: Cj43boTV/heb_o_rav_2014-10-10_program_nifgashim-im-kabbalah_robert-vistrih-1.srt  MP3: nkYCYc5M.mp3 (2315.4s)
2026-04-30 11:47:53  INFO          parsed 399 entries
2026-04-30 11:47:53  INFO        SRT: ClM46R9K/heb_o_rav_2012-03-20_lecture_havaya-veshma-kabbalah_hinuh-mishpaha-modernit.srt  MP3: OmFNamIV.mp3 (5333.6s)
2026-04-30 11:47:53  INFO          parsed 1025 entries
2026-04-30 11:47:53  INFO        SRT: Cm4q3U0Y/heb_o_rav_2013-03-27_program_mekubalim-kotvim_almegilat-atzmaut.srt  MP3: NVHDQupX.mp3 (1936.6s)
2026-04-30 11:47:53  INFO          parsed 400 entries
2026-04-30 11:47:53  INFO        SRT: Cnaka5p5/heb_o_rav_2017-10-18_lesson_bs-aravut_n1_p2.srt  MP3: ObXroFSS.mp3 (2511.2s)
2026-04-30 11:47:53  INFO          parsed 555 entries
2026-04-30 11:47:53  INFO        SRT: Cqm6xBTh/heb_o_rav_bs-akdama-panim-meirot_2014-03-13_lesson.srt  MP3: KrotKHf0.mp3 (2750.3s)
2026-04-30 11:47:53  INFO          parsed 454 entries
2026-04-30 11:47:53  INFO        SRT: Ct7W6Q2z/heb_o_rav_2016-02-24_lesson_congress_n5.srt  MP3: N75hhTLg.mp3 (8982.3s)
2026-04-30 11:47:53  INFO          parsed 506 entries
2026-04-30 11:47:53  INFO        SRT: CvNQwS0o/heb_o_rav_2014-05-22_program_haim-hadashim_n381.srt  MP3: yxizTyFU.mp3 (1814.1s)
2026-04-30 11:47:53  INFO          parsed 368 entries
2026-04-30 11:47:53  INFO        SRT: CyIVW5fA/heb_o_rav_2017-01-19_program_haim-hadashim-ktaim_n567.srt  MP3: 1wwDbL51.mp3 (840.8s)
2026-04-30 11:47:53  INFO          parsed 237 entries
2026-04-30 11:47:53  INFO        SRT: CybK0VBg/heb_o_rav_2017-11-22_lesson_bs-ashalom_n1_p2.srt  MP3: JdD5glqS.mp3 (2580.2s)
2026-04-30 11:47:53  INFO          parsed 514 entries
2026-04-30 11:47:53  INFO        SRT: Cz9Q9KTR/heb_o_rav_2014-01-26_program_haim-hadashim_n294.srt  MP3: kWDQbvwn.mp3 (3622.1s)
2026-04-30 11:47:53  INFO          parsed 794 entries
2026-04-30 11:47:53  INFO        SRT: D07Bzu1L/heb_o_rav_2023-02-08_lesson_zohar-la-am-hakdama-mitzva-2_n1_p1.srt  MP3: tnz8psQQ.mp3 (9053.4s)
2026-04-30 11:47:53  INFO          parsed 476 entries
2026-04-30 11:47:53  INFO        SRT: D1vMj7NO/heb_o_rav_2014-07-29_program_haim-hadashim-ktaim_n210.srt  MP3: CBdS8wHB.mp3 (753.3s)
2026-04-30 11:47:53  INFO          parsed 143 entries
2026-04-30 11:47:53  INFO        SRT: D23WdOSf/heb_o_rav_2014-04-08_program_haim-hadashim_n343.srt  MP3: f09MCltF.mp3 (1861.7s)
2026-04-30 11:47:53  INFO          parsed 394 entries
2026-04-30 11:47:54  INFO        SRT: D2jm2VFc/heb_o_rav_2011-05-09_program_sheela-shel-hinuh_gvulot.srt  MP3: EFOaQjy8.mp3 (1781.8s)
2026-04-30 11:47:54  INFO          parsed 473 entries
2026-04-30 11:47:54  INFO        SRT: D2zSFFtx/heb_o_rav_2015-06-09_program_haim-hadashim_n583.srt  MP3: 99GPv1Ir.mp3 (1659.2s)
2026-04-30 11:47:54  INFO          parsed 379 entries
2026-04-30 11:47:54  INFO        SRT: D3n1mLUU/heb_o_rav_2017-08-10_program_haim-hadashim-ktaim_n626.srt  MP3: 1El3xsEL.mp3 (903.1s)
2026-04-30 11:47:54  INFO          parsed 279 entries
2026-04-30 11:47:54  INFO        SRT: D8YhiLkS/heb_o_rav_ktaim-nivharim-shoa_2017-04-24_lesson.srt  MP3: Jq3KEwqB.mp3 (4584.6s)
2026-04-30 11:47:54  INFO          parsed 709 entries
2026-04-30 11:47:54  INFO        SRT: DBGyeNnC/heb_o_norav_2008-10-22_tohnit_bb_nekuda-she-balev_moti-mor.srt  MP3: yX96o57R.mp3 (2005.6s)
2026-04-30 11:47:54  INFO          parsed 441 entries
2026-04-30 11:47:54  INFO        SRT: DDG0oXJj/heb_o_rav_2017-07-23_lesson_bein-hamezarim_n1_p3.srt  MP3: 4CqY6bJE.mp3 (2619.7s)
2026-04-30 11:47:54  INFO          parsed 585 entries
2026-04-30 11:47:54  INFO        SRT: DEEvWo4B/heb_o_rav_2018-06-27_lesson_bs-ahavat-ashem_n1_p3.srt  MP3: 7vtlE9qf.mp3 (2150.3s)
2026-04-30 11:47:54  INFO          parsed 414 entries
2026-04-30 11:47:54  INFO        SRT: DF6t0UsW/heb_o_rav_shiur-achana-le-kenes_2015-08-23_lesson.srt  MP3: YlKcKPhp.mp3 (3143.2s)
2026-04-30 11:47:54  INFO          parsed 424 entries
2026-04-30 11:47:54  INFO        SRT: DI1iIJZJ/heb_o_rav_2013-12-15_program_haim-hadashim_n269.srt  MP3: crn3gtqK.mp3 (3617.3s)
2026-04-30 11:47:54  INFO          parsed 738 entries
2026-04-30 11:47:54  INFO        SRT: DJEj05eD/heb_o_rav_2018-03-04_program_haim-hadashim_n972.srt  MP3: wERz1RfP.mp3 (1648.8s)
2026-04-30 11:47:54  INFO          parsed 494 entries
2026-04-30 11:47:54  INFO        SRT: DJMQ4lxZ/heb_o_rav_2013-03-06_lesson_parashat-ashavua_veikahal-pkudei.srt  MP3: KaxHOUjW.mp3 (2671.5s)
2026-04-30 11:47:54  INFO          parsed 530 entries
2026-04-30 11:47:54  INFO        SRT: DJRaI479/heb_o_rav_2010-12-06_program_lehargish-zohar_lama-nishheta-aretz.srt  MP3: Ynvc6RJJ.mp3 (1895.9s)
2026-04-30 11:47:54  INFO          parsed 441 entries
2026-04-30 11:47:54  INFO        SRT: DKGmYgP1/heb_o_rav_achana-le-kenes_2017-04-18_lesson_n2.srt  MP3: 5wbLTQZY.mp3 (2736.0s)
2026-04-30 11:47:54  INFO          parsed 350 entries
2026-04-30 11:47:54  INFO        SRT: DKkuu5cc/heb_o_rav_2018-05-01_program_haim-hadashim_n1006.srt  MP3: Gn7hLTft.mp3 (1686.5s)
2026-04-30 11:47:54  INFO          parsed 448 entries
2026-04-30 11:47:54  INFO        SRT: DOGRx8d0/heb_o_rav_bs-matan-tora_2014-05-13_lesson.srt  MP3: 0buAQbnv.mp3 (3178.1s)
2026-04-30 11:47:54  INFO          parsed 500 entries
2026-04-30 11:47:54  INFO        SRT: DOvXAxkc/heb_o_rav_bs-ashalom_2016-08-28_lesson.srt  MP3: 7qBVdO4R.mp3 (2932.0s)
2026-04-30 11:47:54  INFO          parsed 448 entries
2026-04-30 11:47:54  INFO        SRT: DPVpYGq7/heb_o_rav_bs-shalom-ba-olam_2016-01-28_lesson.srt  MP3: IXkUcRZg.mp3 (3309.1s)
2026-04-30 11:47:54  INFO          parsed 389 entries
2026-04-30 11:47:54  INFO        SRT: DY2IWFLj/heb_o_rav_2014-08-07_program_haim-hadashim-ktaim_n217.srt  MP3: IRk2SS12.mp3 (836.7s)
2026-04-30 11:47:54  INFO          parsed 195 entries
2026-04-30 11:47:55  INFO        SRT: DaRb01V9/heb_o_rav_bs-akdama-tes_2016-09-18_lesson.srt  MP3: aj2tKV8T.mp3 (2923.2s)
2026-04-30 11:47:55  INFO          parsed 447 entries
2026-04-30 11:47:55  INFO        SRT: DbmHObnL/heb_o_rav_2017-11-09_program_haim-hadashim-ktaim_n674.srt  MP3: n6BSJN38.mp3 (794.3s)
2026-04-30 11:47:55  INFO          parsed 197 entries
2026-04-30 11:47:55  INFO        SRT: Dc0rH29Q/heb_o_rav_2016-04-12_program_haim-hadashim_n713.srt  MP3: KImDVsb7.mp3 (1673.1s)
2026-04-30 11:47:55  INFO          parsed 350 entries
2026-04-30 11:47:55  INFO        SRT: DcNwVoTF/heb_o_rav_2014-09-29_program_mekubalim-kotvim_am-israel-muhan-leor-7.srt  MP3: Nb22iJXo.mp3 (1679.6s)
2026-04-30 11:47:55  INFO          parsed 359 entries
2026-04-30 11:47:55  INFO        SRT: Dd8jIdWw/heb_o_rav_2014-09-23_program_mekubalim-kotvim_limud-beasiriyot-2.srt  MP3: o3P1DekH.mp3 (1677.1s)
2026-04-30 11:47:55  INFO          parsed 367 entries
2026-04-30 11:47:55  INFO        SRT: DeQRTg9c/heb_o_norav_2010-02-10_program_nekuda_doron-pinhas.srt  MP3: NKIKJV7G.mp3 (1823.9s)
2026-04-30 11:47:55  INFO          parsed 350 entries
2026-04-30 11:47:55  INFO        SRT: DebNHJ9f/heb_o_rav_2015-11-10_program_haim-hadashim_n648.srt  MP3: nTdN4LS8.mp3 (1665.5s)
2026-04-30 11:47:55  INFO          parsed 382 entries
2026-04-30 11:47:55  INFO        SRT: DezM5HMt/heb_o_rav_2012-07-17_program_haim-hadashim_n38.srt  MP3: 6quAToCo.mp3 (1943.3s)
2026-04-30 11:47:55  INFO          parsed 454 entries
2026-04-30 11:47:55  INFO        SRT: DfLCmLjy/heb_o_rav_2014-03-10_program_mekubalim-kotvim_shulhan-aruh.srt  MP3: EjV6Oi9x.mp3 (1800.3s)
2026-04-30 11:47:55  INFO          parsed 365 entries
2026-04-30 11:47:55  INFO        SRT: DgMdWjHw/heb_o_rav_2013-07-02_program_haim-hadashim_n208.srt  MP3: VPWoqOd1.mp3 (3605.2s)
2026-04-30 11:47:55  INFO          parsed 1048 entries
2026-04-30 11:47:55  INFO        SRT: DjxkvZ4P/heb_o_rav_2012-11-01_program_haim-hadashim_n96.srt  MP3: 6Wr3zjxs.mp3 (3640.6s)
2026-04-30 11:47:55  INFO          parsed 594 entries
2026-04-30 11:47:55  INFO        SRT: DlA12D67/heb_o_rav_bs-mitzva-achat_2014-08-26_lesson.srt  MP3: ErPzb0wy.mp3 (3280.5s)
2026-04-30 11:47:55  INFO          parsed 523 entries
2026-04-30 11:47:55  INFO        SRT: DlQpcsdA/heb_o_rav_2015-09-18_program_ahshav-ani_netek.srt  MP3: BAmqJ8Iw.mp3 (1793.3s)
2026-04-30 11:47:55  INFO          parsed 353 entries
2026-04-30 11:47:55  INFO        SRT: DlkOW1BQ/heb_o_rav_2019-10-24_program_haim-hadashim_n1169.srt  MP3: IcbYzdl1.mp3 (1659.1s)
2026-04-30 11:47:55  INFO          parsed 487 entries
2026-04-30 11:47:55  INFO        SRT: Dlq82gh2/heb_o_rav_2010-09-15_program_kabbalah-lemathil_yom-kipur.srt  MP3: 3iWr4yJ8.mp3 (3501.6s)
2026-04-30 11:47:55  INFO          parsed 728 entries
2026-04-30 11:47:55  INFO        SRT: DmFkuilY/heb_o_rav_2011-10-07_program_beruah-hag_yom-kipur-beor-kabbalah.srt  MP3: m4QCN586.mp3 (1897.3s)
2026-04-30 11:47:55  INFO          parsed 455 entries
2026-04-30 11:47:55  INFO        SRT: DnGydZAL/heb_o_norav_2009-07-09_program_pothim-zohar_rami-klainshtein_n19.srt  MP3: 3E7IqSoY.mp3 (1118.5s)
2026-04-30 11:47:55  INFO          parsed 198 entries
2026-04-30 11:47:56  INFO        SRT: DqyC9Txs/heb_o_rav_2019-12-05_program_haim-hadashim_n1186.srt  MP3: nzFgzgwD.mp3 (1656.6s)
2026-04-30 11:47:56  INFO          parsed 466 entries
2026-04-30 11:47:56  INFO        SRT: DsxPSgWX/heb_o_rav_2021-08-24_program_haolam_rosh-ha-shana.srt  MP3: 2QWVEMF3.mp3 (1522.2s)
2026-04-30 11:47:56  INFO          parsed 207 entries
2026-04-30 11:47:56  INFO        SRT: DtDAgcfE/heb_o_rav_2017-12-31_lesson_bs-ester-ve-gilui-1_n1_p2.srt  MP3: FVCnpAFu.mp3 (2521.2s)
2026-04-30 11:47:56  INFO          parsed 371 entries
2026-04-30 11:47:56  INFO        SRT: DzZXCfjL/heb_o_rav_bs-shalom-ba-olam_2013-07-18_lesson_n2.srt  MP3: KdRbVqUS.mp3 (3179.9s)
2026-04-30 11:47:56  INFO          parsed 620 entries
2026-04-30 11:47:56  INFO        SRT: E2R8oq2f/heb_o_norav_2023-11-05_vl_mahshevet-israel_islam-kitzoni-ve-progresivyut-radikalit_n107.srt  MP3: fIrM4q1E.mp3 (3815.7s)
2026-04-30 11:47:56  INFO          parsed 1129 entries
2026-04-30 11:47:56  INFO        SRT: E5yphs6o/heb_o_rav_bs-ahavat-ashem_2013-06-06_lesson_n8.srt  MP3: 3EzyZ0jl.mp3 (3206.3s)
2026-04-30 11:47:56  INFO          parsed 580 entries
2026-04-30 11:47:56  INFO        SRT: EBm2678W/heb_o_rav_2010-08-02_program_bb_kabbalah-lemathil_olamot-ruhaniim.srt  MP3: PUJiULYl.mp3 (3379.2s)
2026-04-30 11:47:56  INFO          parsed 639 entries
2026-04-30 11:47:56  INFO        SRT: EC0PHsq4/heb_o_rav_2011-05-24_lecture_havaya-veshma-kabbalah_litpateah-badereh-ahava.srt  MP3: aZpYOWHH.mp3 (4259.8s)
2026-04-30 11:47:56  INFO          parsed 951 entries
2026-04-30 11:47:56  INFO        SRT: ECYG4mWL/heb_o_rav_rb-igeret-40_2016-02-21_lesson.srt  MP3: LpSu6KyL.mp3 (2859.9s)
2026-04-30 11:47:56  INFO          parsed 72 entries
2026-04-30 11:47:56  INFO        SRT: EGyHm4zh/heb_o_rav_2008-09-04_program_nifgashim-im-kabbalah_oded-katash_p2.srt  MP3: ROcsyuTm.mp3 (1479.5s)
2026-04-30 11:47:56  INFO          parsed 370 entries
2026-04-30 11:47:56  INFO        SRT: EKZMav1d/heb_o_norav_2010-05-14_program_lomdim-yahad_mavo-lesefer-zohar_n18.srt  MP3: QNZV0VhD.mp3 (1746.9s)
2026-04-30 11:47:56  INFO          parsed 424 entries
2026-04-30 11:47:56  INFO        SRT: EL0wHJny/heb_o_rav_2016-09-20_program_haim-hadashim_n770.srt  MP3: RPxob1rz.mp3 (1615.9s)
2026-04-30 11:47:56  INFO          parsed 350 entries
2026-04-30 11:47:56  INFO        SRT: EN3k7StV/heb_o_rav_2023-08-03_lesson_rb-1989-37-derech-kotzim_n1_p1.srt  MP3: cttnwTUk.mp3 (3973.7s)
2026-04-30 11:47:56  INFO          parsed 319 entries
2026-04-30 11:47:56  INFO        SRT: ENQg8mcO/heb_o_rav_mithabrim-le-kenes_2017-01-15_lesson.srt  MP3: 5l5d6E86.mp3 (2965.3s)
2026-04-30 11:47:56  INFO          parsed 459 entries
2026-04-30 11:47:56  INFO        SRT: EO2Wh48L/heb_o_rav_2012-08-05_program_haim-hadashim_n48.srt  MP3: WEnOm9di.mp3 (3502.9s)
2026-04-30 11:47:56  INFO          parsed 821 entries
2026-04-30 11:47:56  INFO        SRT: EOmracJK/heb_o_rav_2013-12-20_program_haim-hadashim_n272.srt  MP3: Ppwt2ZkQ.mp3 (3633.4s)
2026-04-30 11:47:56  INFO          parsed 708 entries
2026-04-30 11:47:56  INFO        SRT: EPrjyg9H/heb_o_rav_2015-05-14_program_haim-hadashim_n568.srt  MP3: VJ7tMt6G.mp3 (1650.2s)
2026-04-30 11:47:56  INFO          parsed 344 entries
2026-04-30 11:47:57  INFO        SRT: ERLjMB2E/heb_o_rav_2015-01-04_program_haim-hadashim_n490.srt  MP3: qinTmJYz.mp3 (1692.5s)
2026-04-30 11:47:57  INFO          parsed 311 entries
2026-04-30 11:47:57  INFO        SRT: ESwI6hqK/heb_o_rav_2018-03-18_lesson_rb-dargot-sulam-815-bo_n1_p3.srt  MP3: wjUzACVK.mp3 (2376.7s)
2026-04-30 11:47:57  INFO          parsed 374 entries
2026-04-30 11:47:57  INFO        SRT: EUW9bYWc/heb_o_rav_2017-06-29_lesson_bs-mahut-dat-ve-matrata_n1_p3.srt  MP3: Aa7otxTt.mp3 (2614.6s)
2026-04-30 11:47:57  INFO          parsed 478 entries
2026-04-30 11:47:57  INFO        SRT: EW2anRDb/heb_o_rav_2017-02-08_program_haim-hadashim-ktaim_n575.srt  MP3: daHoLn3M.mp3 (890.9s)
2026-04-30 11:47:57  INFO          parsed 209 entries
2026-04-30 11:47:57  INFO        SRT: EWJXHQ6k/heb_o_rav_2023-06-05_lesson_rb-1985-03-emet-ve-emuna_n1_p1.srt  MP3: mJJKRZPx.mp3 (7454.3s)
2026-04-30 11:47:57  INFO          parsed 469 entries
2026-04-30 11:47:57  INFO        SRT: EWXKWZWh/heb_o_rav_2010-08-09_program_lehargish-zohar_yom-kipur.srt  MP3: bEaTbOaz.mp3 (1759.1s)
2026-04-30 11:47:57  INFO          parsed 410 entries
2026-04-30 11:47:57  INFO        SRT: EWkrUEJ5/heb_o_rav_2015-05-07_program_haim-hadashim_n564.srt  MP3: ZjQV9e1a.mp3 (1797.1s)
2026-04-30 11:47:57  INFO          parsed 376 entries
2026-04-30 11:47:57  INFO        SRT: EdpFObtZ/heb_o_rav_2015-04-14_program_haim-hadashim_n553.srt  MP3: khc3M5Oo.mp3 (1656.6s)
2026-04-30 11:47:57  INFO          parsed 371 entries
2026-04-30 11:47:57  INFO        SRT: EhOApgVA/heb_o_rav_2022-05-29_program_musagey-yesod_shoresh-veanaf_n15.srt  MP3: reelTv6I.mp3 (1677.8s)
2026-04-30 11:47:57  INFO          parsed 410 entries
2026-04-30 11:47:57  INFO        SRT: Ehg17FLE/heb_o_rav_bs-shalom-ba-olam_2013-07-17_lesson.srt  MP3: gtIIJX8c.mp3 (2987.8s)
2026-04-30 11:47:57  INFO          parsed 540 entries
2026-04-30 11:47:57  INFO        SRT: EixgE2kI/heb_o_rav_2011-02-23_program_ahshav-ani_lekihat-ahrayut.srt  MP3: IOFzKW69.mp3 (1879.7s)
2026-04-30 11:47:57  INFO          parsed 424 entries
2026-04-30 11:47:57  INFO        SRT: EjjDVfbI/heb_o_rav_2013-11-15_program_haim-hadashim_n254.srt  MP3: DAk7pKw0.mp3 (3597.5s)
2026-04-30 11:47:57  INFO          parsed 810 entries
2026-04-30 11:47:57  INFO        SRT: EmzAPJFM/heb_o_rav_2015-08-03_program_mekubalim-kotvim_praktiyut-5.srt  MP3: vFkor1sB.mp3 (1647.9s)
2026-04-30 11:47:57  INFO          parsed 328 entries
2026-04-30 11:47:57  INFO        SRT: EnODXY0q/heb_o_rav_2017-08-01_program_haim-hadashim_n891.srt  MP3: jUUlndxc.mp3 (1658.5s)
2026-04-30 11:47:57  INFO          parsed 536 entries
2026-04-30 11:47:57  INFO        SRT: Eo2JQgeh/heb_o_rav_2013-04-09_program_haim-hadashim_n161.srt  MP3: 0fD5MDtG.mp3 (3606.6s)
2026-04-30 11:47:57  INFO          parsed 746 entries
2026-04-30 11:47:57  INFO        SRT: EoaZQGGT/heb_o_rav_2015-11-12_program_haim-hadashim_n650.srt  MP3: ZW2oZWgD.mp3 (1684.1s)
2026-04-30 11:47:57  INFO          parsed 310 entries
2026-04-30 11:47:58  INFO        SRT: Eqd8YchA/heb_o_rav_2016-06-23_program_haim-hadashim_n737.srt  MP3: 64pcAf87.mp3 (1738.3s)
2026-04-30 11:47:58  INFO          parsed 409 entries
2026-04-30 11:47:58  INFO        SRT: ErfXI6wF/heb_o_rav_2015-10-27_program_pitaron_n85.srt  MP3: SiqOlpo8.mp3 (1612.3s)
2026-04-30 11:47:58  INFO          parsed 315 entries
2026-04-30 11:47:58  INFO        SRT: Es6IVJUt/heb_o_rav_2011-03-09_program_ahshav-ani_metziut-vefantazia.srt  MP3: zUtK1Mbv.mp3 (1778.7s)
2026-04-30 11:47:58  INFO          parsed 444 entries
2026-04-30 11:47:58  INFO        SRT: EuSnWOSF/heb_o_rav_2022-12-26_lesson_zohar-la-am-hakdama-otiot-himnona-saba_n1_p1.srt  MP3: Ft1Njjgh.mp3 (6597.0s)
2026-04-30 11:47:58  INFO          parsed 239 entries
2026-04-30 11:47:58  INFO        SRT: EuW3YEUX/heb_o_rav_2023-11-08_lesson_rb-1990-28-lehazhir-gdolim_n1_p1.srt  MP3: mtXeWFC6.mp3 (5795.3s)
2026-04-30 11:47:58  INFO          parsed 562 entries
2026-04-30 11:47:58  INFO        SRT: Eumgl3Jo/heb_o_rav_2018-01-23_program_haim-hadashim_n953.srt  MP3: 9pcNiEdx.mp3 (1658.7s)
2026-04-30 11:47:58  INFO          parsed 481 entries
2026-04-30 11:47:58  INFO        SRT: EweX0lWo/heb_o_rav_2014-07-21_program_mekubalim-kotvim_milhamot-israel-3.srt  MP3: K8emAGSZ.mp3 (1636.0s)
2026-04-30 11:47:58  INFO          parsed 356 entries
2026-04-30 11:47:58  INFO        SRT: F4GM4Prn/heb_o_rav_2023-08-20_lesson_rb-1986-03-she-al-yadei-tora_n1_p1.srt  MP3: F1Yo9wu8.mp3 (5136.4s)
2026-04-30 11:47:58  INFO          parsed 443 entries
2026-04-30 11:47:58  INFO        SRT: F8RX8qLf/heb_o_rav_2015-10-13_program_pitaron_n84.srt  MP3: kJ3T9yK6.mp3 (1624.4s)
2026-04-30 11:47:58  INFO          parsed 352 entries
2026-04-30 11:47:58  INFO        SRT: FAASbjhw/heb_o_rav_bs-ahavat-ashem_2013-10-16_lesson.srt  MP3: AGCYmdQF.mp3 (3114.8s)
2026-04-30 11:47:58  INFO          parsed 633 entries
2026-04-30 11:47:58  INFO        SRT: FALzSawz/heb_o_rav_2013-12-20_program_mekubalim-kotvim_zohar-leam-9.srt  MP3: 0KKhJAYn.mp3 (1843.9s)
2026-04-30 11:47:58  INFO          parsed 381 entries
2026-04-30 11:47:58  INFO        SRT: FCgjzuy3/heb_o_rav_2014-12-18_program_haim-hadashim_n477.srt  MP3: Yeg36QMV.mp3 (1648.1s)
2026-04-30 11:47:58  INFO          parsed 403 entries
2026-04-30 11:47:58  INFO        SRT: FEDOagc5/heb_o_rav_2013-02-11_program_haim-hadashim-ktaim_n20.srt  MP3: Vo52DxnX.mp3 (898.2s)
2026-04-30 11:47:58  INFO          parsed 189 entries
2026-04-30 11:47:58  INFO        SRT: FGYkLfvM/heb_o_rav_2018-01-28_program_haim-hadashim_n954.srt  MP3: lfel8XYe.mp3 (1647.1s)
2026-04-30 11:47:58  INFO          parsed 433 entries
2026-04-30 11:47:58  INFO        SRT: FITurdiM/heb_o_rav_ktaim-nivharim-purim_2016-03-21_lesson.srt  MP3: 2t5P8uba.mp3 (2851.5s)
2026-04-30 11:47:58  INFO          parsed 177 entries
2026-04-30 11:47:58  INFO        SRT: FJO71wTp/heb_o_rav_2012-07-01_program_haim-hadashim_n27.srt  MP3: jQasHsxP.mp3 (3615.3s)
2026-04-30 11:47:58  INFO          parsed 755 entries
2026-04-30 11:47:58  INFO        SRT: FK0NdTuQ/heb_o_rav_2017-01-29_program_haim-hadashim-ktaim_n571.srt  MP3: dGKbsYxQ.mp3 (864.6s)
2026-04-30 11:47:58  INFO          parsed 164 entries
2026-04-30 11:47:59  INFO        SRT: FLAONP5K/heb_o_rav_2012-08-20_program_haim-hadashim_n59.srt  MP3: 1BnceuRb.mp3 (3624.5s)
2026-04-30 11:47:59  INFO          parsed 679 entries
2026-04-30 11:47:59  INFO        SRT: FLu5LJVk/heb_o_rav_2015-06-10_program_pitaron_n58.srt  MP3: 3gFwzDyQ.mp3 (1704.2s)
2026-04-30 11:47:59  INFO          parsed 361 entries
2026-04-30 11:47:59  INFO        SRT: FMblKQvr/heb_o_rav_2010-07-06_lecture_havaya-veshma-kabbalah_kah-katuv_mahut-hohmat-kabbalah.srt  MP3: uSnPqxHP.mp3 (5206.4s)
2026-04-30 11:47:59  INFO          parsed 1066 entries
2026-04-30 11:47:59  INFO        SRT: FOrnsUe8/heb_o_rav_2013-07-29_program_mekubalim-kotvim_hevdel-kabbalah-hinuh-int.srt  MP3: gRMoez0N.mp3 (1981.9s)
2026-04-30 11:47:59  INFO          parsed 430 entries
2026-04-30 11:47:59  INFO        SRT: FQGtrFBq/heb_o_rav_2017-08-02_lesson_bezchut-halimud_n1_p2.srt  MP3: 8CT1hZqR.mp3 (2812.7s)
2026-04-30 11:47:59  INFO          parsed 481 entries
2026-04-30 11:47:59  INFO        SRT: FVPZoN9T/heb_o_rav_2017-09-12_lesson_bs-shalom-ba-olam_n1_p3.srt  MP3: LtuyoZhD.mp3 (2479.3s)
2026-04-30 11:47:59  INFO          parsed 407 entries
2026-04-30 11:47:59  INFO        SRT: FXlyHKn3/heb_o_rav_2018-08-21_program_haim-hadashim_n1050.srt  MP3: Ky8UQrxm.mp3 (1727.5s)
2026-04-30 11:47:59  INFO          parsed 455 entries
2026-04-30 11:47:59  INFO        SRT: FXzViPuq/heb_o_rav_2013-02-19_program_haim-hadashim_n144.srt  MP3: R2bqQmxB.mp3 (3654.9s)
2026-04-30 11:47:59  INFO          parsed 700 entries
2026-04-30 11:47:59  INFO        SRT: FcWPXLLx/heb_o_rav_2014-12-19_program_olamot-nifgashim_kabbalah-vemada-27.srt  MP3: RJI99jrQ.mp3 (1732.2s)
2026-04-30 11:47:59  INFO          parsed 318 entries
2026-04-30 11:47:59  INFO        SRT: FeWF2KDP/heb_o_rav_2012-12-12_lesson_parashat-ashavua_miketz.srt  MP3: ipzvblnu.mp3 (2690.1s)
2026-04-30 11:47:59  INFO          parsed 572 entries
2026-04-30 11:47:59  INFO        SRT: FenY6a4O/heb_o_rav_2021-12-28_program_haolam_hatmada_n172.srt  MP3: QkEkRcF2.mp3 (1809.9s)
2026-04-30 11:47:59  INFO          parsed 289 entries
2026-04-30 11:47:59  INFO        SRT: FfBCfZ1m/heb_o_rav_2012-09-02_program_haim-hadashim_n64.srt  MP3: 1e2WHATd.mp3 (3619.3s)
2026-04-30 11:47:59  INFO          parsed 736 entries
2026-04-30 11:47:59  INFO        SRT: FhIBTWm4/heb_o_norav_2010-07-13_program_meahorei-klaim_n32.srt  MP3: 9JE5annx.mp3 (1407.4s)
2026-04-30 11:47:59  INFO          parsed 295 entries
2026-04-30 11:47:59  INFO        SRT: FhS2SS1N/heb_o_rav_bs-maamar-herut-1_2015-02-06_lesson.srt  MP3: QnRv9aGQ.mp3 (3167.8s)
2026-04-30 11:47:59  INFO          parsed 537 entries
2026-04-30 11:47:59  INFO        SRT: FhpuTP8B/heb_o_rav_2014-03-30_program_haim-hadashim_n330.srt  MP3: 4r1AwDek.mp3 (1827.2s)
2026-04-30 11:47:59  INFO          parsed 338 entries
2026-04-30 11:47:59  INFO        SRT: Fhv3pcvv/heb_o_rav_2015-06-30_program_haim-hadashim_n591.srt  MP3: xvj8g6ML.mp3 (1697.7s)
2026-04-30 11:47:59  INFO          parsed 305 entries
2026-04-30 11:47:59  INFO        SRT: FiLuMzS3/heb_o_rav_2013-10-06_program_haim-hadashim_n236.srt  MP3: JEYB7eaL.mp3 (3625.7s)
2026-04-30 11:47:59  INFO          parsed 833 entries
2026-04-30 11:48:00  INFO        SRT: Fj1ecErF/heb_o_norav_2010-02-16_program_beit-sefer-lehorim_phadim.srt  MP3: pbnM3zeU.mp3 (1527.6s)
2026-04-30 11:48:00  INFO          parsed 460 entries
2026-04-30 11:48:00  INFO        SRT: FjyFG917/heb_o_rav_achana-le-pesach_2017-04-04_lesson_n3.srt  MP3: xrSf1IO7.mp3 (2638.1s)
2026-04-30 11:48:00  INFO          parsed 428 entries
2026-04-30 11:48:00  INFO        SRT: Fliicor6/heb_o_rav_2012-10-21_program_haim-hadashim_n87.srt  MP3: ILqQzdGa.mp3 (3613.0s)
2026-04-30 11:48:00  INFO          parsed 822 entries
2026-04-30 11:48:00  INFO        SRT: Fm2Mt3dL/heb_o_rav_2017-09-05_program_haim-hadashim-ktaim_n649.srt  MP3: JCKd8x3d.mp3 (873.7s)
2026-04-30 11:48:00  INFO          parsed 206 entries
2026-04-30 11:48:00  INFO        SRT: Fp9h3MAY/heb_o_rav_bs-shalom-ba-olam_2015-10-29_lesson.srt  MP3: 1Fe5VlC9.mp3 (3220.5s)
2026-04-30 11:48:00  INFO          parsed 481 entries
2026-04-30 11:48:00  INFO        SRT: FpZqL762/heb_o_rav_2017-08-06_lesson_bs-aravut_n1_p2.srt  MP3: i7ChnEqR.mp3 (2544.3s)
2026-04-30 11:48:00  INFO          parsed 512 entries
2026-04-30 11:48:00  INFO        SRT: FtBvW5ws/heb_o_rav_2015-09-27_program_haim-hadashim_n629.srt  MP3: IOH9yXtI.mp3 (1698.4s)
2026-04-30 11:48:00  INFO          parsed 343 entries
2026-04-30 11:48:00  INFO        SRT: FuAflU0C/heb_o_rav_2019-05-14_program_haim-hadashim_n1112.srt  MP3: 3L0P8G8j.mp3 (1709.6s)
2026-04-30 11:48:00  INFO          parsed 424 entries
2026-04-30 11:48:00  INFO        SRT: FurQbtOn/heb_o_rav_2017-09-12_program_haim-hadashim-ktaim_n654.srt  MP3: FrSPr8QK.mp3 (826.5s)
2026-04-30 11:48:00  INFO          parsed 200 entries
2026-04-30 11:48:00  INFO        SRT: FwYkwxu2/heb_o_rav_bs-akdama-tes_2016-09-27_lesson.srt  MP3: 2w0oz0JA.mp3 (3152.1s)
2026-04-30 11:48:00  INFO          parsed 412 entries
2026-04-30 11:48:00  INFO        SRT: Fz9AlcVv/heb_o_rav_2015-01-02_program_olamot-nifgashim_kabbalah-vemada-28.srt  MP3: dXBELw0A.mp3 (1664.5s)
2026-04-30 11:48:00  INFO          parsed 340 entries
2026-04-30 11:48:00  INFO        SRT: G2LaNa6f/heb_o_rav_2013-06-27_program_haim-hadashim_n203.srt  MP3: MFR8CZwA.mp3 (3658.2s)
2026-04-30 11:48:00  INFO          parsed 785 entries
2026-04-30 11:48:00  INFO        SRT: G2eD3sF9/heb_o_rav_2011-11-04_program_ahshav-ani_shinuim.srt  MP3: ILunXMKM.mp3 (1734.2s)
2026-04-30 11:48:00  INFO          parsed 373 entries
2026-04-30 11:48:00  INFO        SRT: G2ifS3xE/heb_o_rav_bs-ashalom_2016-08-29_lesson.srt  MP3: wGF3D9px.mp3 (2791.2s)
2026-04-30 11:48:00  INFO          parsed 452 entries
2026-04-30 11:48:00  INFO        SRT: G3F6gOEl/heb_o_norav_2008-07-20_tohnit_bb_nekuda-she-balev_oren-levi_96K.srt  MP3: T24anHvR.mp3 (1786.6s)
2026-04-30 11:48:00  INFO          parsed 398 entries
2026-04-30 11:48:01  INFO        SRT: G4IUYVFS/heb_o_rav_bs-maamar-le-sium-zohar_2016-02-14_lesson.srt  MP3: pRSeohiv.mp3 (3155.4s)
2026-04-30 11:48:01  INFO          parsed 457 entries
2026-04-30 11:48:01  INFO        SRT: G58Py2BK/heb_o_rav_2018-03-28_lesson_rb-igeret-03_n1_p3.srt  MP3: lGcZXrSh.mp3 (2243.0s)
2026-04-30 11:48:01  INFO          parsed 319 entries
2026-04-30 11:48:01  INFO        SRT: G7zYgzXw/heb_o_rav_2010-04-14_program_lehargish-zohar_shavuot.srt  MP3: v3y7knGU.mp3 (1857.6s)
2026-04-30 11:48:01  INFO          parsed 451 entries
2026-04-30 11:48:01  INFO        SRT: G8FaNaho/heb_o_rav_bs-tes-01_2014-12-31_lesson.srt  MP3: Z9rG6yHR.mp3 (3083.2s)
2026-04-30 11:48:01  INFO          parsed 574 entries
2026-04-30 11:48:01  INFO        SRT: G8XR4I9k/heb_o_rav_2013-12-11_program_haim-hadashim_n267.srt  MP3: NRUJlYpR.mp3 (3633.4s)
2026-04-30 11:48:01  INFO          parsed 765 entries
2026-04-30 11:48:01  INFO        SRT: G8jkeCRP/heb_o_norav_2009-03-27_program_lomdim-yahad-meurav_yesodot-kabbalah_giladshadmon_n24.srt  MP3: Ujns5v97.mp3 (1860.9s)
2026-04-30 11:48:01  INFO          parsed 510 entries
2026-04-30 11:48:01  INFO        SRT: GCpkHbpw/heb_o_rav_2016-12-22_program_haim-hadashim_n804.srt  MP3: fC2Gt22v.mp3 (1663.2s)
2026-04-30 11:48:01  INFO          parsed 388 entries
2026-04-30 11:48:01  INFO        SRT: GDuejQnm/heb_o_rav_2017-09-26_lesson_rb-1986-36-achana-le-slichot_n1_p2.srt  MP3: DXTL7Ufu.mp3 (1927.9s)
2026-04-30 11:48:01  INFO          parsed 253 entries
2026-04-30 11:48:01  INFO        SRT: GEpLdYZN/heb_o_rav_2009-06-17_program_shal-mekubal_n115.srt  MP3: QT25WJSG.mp3 (1781.4s)
2026-04-30 11:48:01  INFO          parsed 459 entries
2026-04-30 11:48:01  INFO        SRT: GJLLRQR5/heb_o_rav_2015-05-19_program_mekubalim-kotvim_firgun-pgiya-beego-1.srt  MP3: Nc9h9pvP.mp3 (1662.0s)
2026-04-30 11:48:01  INFO          parsed 306 entries
2026-04-30 11:48:01  INFO        SRT: GMAAL0hi/heb_o_rav_2023-10-24_lesson_rb-1984-17-2-seder-yeshivat-hevra_n1_p1.srt  MP3: 7jVW89jo.mp3 (4081.3s)
2026-04-30 11:48:01  INFO          parsed 605 entries
2026-04-30 11:48:01  INFO        SRT: GUYi17BE/heb_o_rav_bs-ashalom_2014-07-24_lesson.srt  MP3: dlOPuFNv.mp3 (3336.2s)
2026-04-30 11:48:01  INFO          parsed 606 entries
2026-04-30 11:48:01  INFO        SRT: GUr4AKD0/heb_o_rav_ktaim-nivharim-hanuka_2015-12-01_lesson.srt  MP3: stts15Wf.mp3 (2984.7s)
2026-04-30 11:48:01  INFO          parsed 473 entries
2026-04-30 11:48:01  INFO        SRT: GV0k9axJ/heb_o_rav_2018-04-17_lesson_bs-galut-ve-geula_n1_p3.srt  MP3: N71aoneJ.mp3 (2834.1s)
2026-04-30 11:48:01  INFO          parsed 479 entries
2026-04-30 11:48:01  INFO        SRT: GWqIq9Xq/heb_o_rav_bs-iton-uma_2015-11-03_lesson.srt  MP3: zcOe9v73.mp3 (3428.8s)
2026-04-30 11:48:01  INFO          parsed 537 entries
2026-04-30 11:48:01  INFO        SRT: GXvXwiUg/heb_o_rav_2010-07-29_program_kabbalah-lemathil_ein-od-milvado.srt  MP3: GllaRWm8.mp3 (3293.2s)
2026-04-30 11:48:01  INFO          parsed 650 entries
2026-04-30 11:48:02  INFO        SRT: GYNEHafe/heb_o_rav_2016-02-02_program_pitaron_n101.srt  MP3: 2sIAH4FH.mp3 (1636.7s)
2026-04-30 11:48:02  INFO          parsed 324 entries
2026-04-30 11:48:02  INFO        SRT: GZnOaqha/heb_o_rav_2014-06-01_program_haim-hadashim_n391.srt  MP3: 7vRbz2fs.mp3 (1838.4s)
2026-04-30 11:48:02  INFO          parsed 366 entries
2026-04-30 11:48:02  INFO        SRT: GcqlCojq/heb_o_rav_2021-01-24_program_haim-hadashim_n1295.srt  MP3: ebabTiGD.mp3 (1609.7s)
2026-04-30 11:48:02  INFO          parsed 416 entries
2026-04-30 11:48:02  INFO        SRT: GdM222Yf/heb_o_rav_2022-05-31_program_haolam_shneim-asar-hashvatim_n192.srt  MP3: QCJrGTcc.mp3 (1767.3s)
2026-04-30 11:48:02  INFO          parsed 259 entries
2026-04-30 11:48:02  INFO        SRT: GhbeQi71/heb_o_rav_2015-01-18_program_haim-hadashim_n503.srt  MP3: YYb6cDVj.mp3 (1661.9s)
2026-04-30 11:48:02  INFO          parsed 396 entries
2026-04-30 11:48:02  INFO        SRT: GhqEndyI/heb_o_norav_2008-12-04_program-bb_ahat-al-ahat_tamar-akerman.srt  MP3: AtVt2QCS.mp3 (1415.6s)
2026-04-30 11:48:02  INFO          parsed 302 entries
2026-04-30 11:48:02  INFO        SRT: Gi3AFd8p/heb_o_rav_2017-07-02_lesson_bs-mahut-dat-ve-matrata_n1_p3.srt  MP3: MBuOCKvt.mp3 (2604.6s)
2026-04-30 11:48:02  INFO          parsed 484 entries
2026-04-30 11:48:02  INFO        SRT: GjPaTjmy/heb_o_rav_bs-aravut_2013-05-20_lesson_n13.srt  MP3: BrDHJuni.mp3 (3246.5s)
2026-04-30 11:48:02  INFO          parsed 617 entries
2026-04-30 11:48:02  INFO        SRT: GknDcrhj/heb_o_rav_2016-01-12_program_pitaron_n95.srt  MP3: sJaqOyTD.mp3 (1615.0s)
2026-04-30 11:48:02  INFO          parsed 425 entries
2026-04-30 11:48:02  INFO        SRT: GlvvQSbg/heb_o_rav_2015-12-22_program_haim-hadashim_n663.srt  MP3: T3EoTHEK.mp3 (1647.7s)
2026-04-30 11:48:02  INFO          parsed 301 entries
2026-04-30 11:48:03  INFO        SRT: GnghzFlj/heb_o_rav_2022-05-08_program_musagey-yesod_nishmat-adam-harishon_n13.srt  MP3: BrxkgdVE.mp3 (1661.3s)
2026-04-30 11:48:03  INFO          parsed 524 entries
2026-04-30 11:48:03  INFO        SRT: GnyA1rnT/heb_o_rav_shiur-achana-le-kenes_2015-08-19_lesson.srt  MP3: dR0Wcpfp.mp3 (3280.0s)
2026-04-30 11:48:03  INFO          parsed 496 entries
2026-04-30 11:48:03  INFO        SRT: GoN8wHeN/heb_o_norav_2009-08-26_program_meahorei-klaim_n13.srt  MP3: nZa3xgbF.mp3 (1772.4s)
2026-04-30 11:48:03  INFO          parsed 330 entries
2026-04-30 11:48:03  INFO        SRT: GpGbxmb9/heb_o_rav_bs-shalom-ba-olam_2015-02-10_lesson.srt  MP3: PCPoUoCQ.mp3 (3160.7s)
2026-04-30 11:48:03  INFO          parsed 575 entries
2026-04-30 11:48:03  INFO        SRT: GrZBWBvB/heb_o_rav_bs-aravut_2014-11-25_lesson.srt  MP3: vMEamQ4U.mp3 (3224.9s)
2026-04-30 11:48:03  INFO          parsed 626 entries
2026-04-30 11:48:03  INFO        SRT: GsDDSghS/heb_o_rav_2016-05-17_program_pitaron_n113.srt  MP3: qKda0lO2.mp3 (1676.4s)
2026-04-30 11:48:03  INFO          parsed 454 entries
2026-04-30 11:48:03  INFO        SRT: Gt8zDa9H/heb_o_rav_bs-matan-tora_2014-05-21_lesson.srt  MP3: uw3oGDr3.mp3 (3024.0s)
2026-04-30 11:48:03  INFO          parsed 538 entries
2026-04-30 11:48:03  INFO        SRT: GtAUNinl/heb_o_rav_2015-08-14_program_olamot-nifgashim_kabbalah-vemada-40.srt  MP3: B9roXqZQ.mp3 (1658.7s)
2026-04-30 11:48:03  INFO          parsed 330 entries
2026-04-30 11:48:03  INFO        SRT: GtGAQvA0/heb_o_rav_2020-06-04_program_tzaadim-rishonim_zman-ruhani.srt  MP3: V4hbRc7R.mp3 (1784.2s)
2026-04-30 11:48:03  INFO          parsed 423 entries
2026-04-30 11:48:03  INFO        SRT: GwjoHqgQ/heb_o_norav_2008-11-27_tohnit_bb_ahat-al-ahat_gilat-shochat.srt  MP3: 0ZH1iRbb.mp3 (1509.8s)
2026-04-30 11:48:03  INFO          parsed 279 entries
2026-04-30 11:48:03  INFO        SRT: Gz9QUB1h/heb_o_rav_2023-06-13_lesson_rb-1990-44-milchemet-reshut-2_n1_p1.srt  MP3: Hi6EnKs7.mp3 (5838.6s)
2026-04-30 11:48:03  INFO          parsed 393 entries
2026-04-30 11:48:03  INFO        SRT: GzEPkQjd/heb_o_rav_bs-akdama-zohar_2014-02-24_lesson.srt  MP3: 2TAVYJFx.mp3 (3175.1s)
2026-04-30 11:48:03  INFO          parsed 521 entries
2026-04-30 11:48:03  INFO        SRT: GzwFg2fS/heb_o_rav_2023-08-15_lesson_rb-1988-32-peulot-ba-yerida_n1_p1.srt  MP3: DFXmYtvP.mp3 (6011.2s)
2026-04-30 11:48:03  INFO          parsed 795 entries
2026-04-30 11:48:03  INFO        SRT: H1FClid2/heb_o_rav_2013-06-24_program_mekubalim-kotvim_kabbbalah-vehinuh-integrali.srt  MP3: cDjwvNy2.mp3 (1813.5s)
2026-04-30 11:48:03  INFO          parsed 459 entries
2026-04-30 11:48:03  INFO        SRT: H3RoTLsK/heb_o_rav_2013-05-17_program_pitaron_n19.srt  MP3: gmUmKfTl.mp3 (3545.6s)
2026-04-30 11:48:03  INFO          parsed 728 entries
2026-04-30 11:48:03  INFO        SRT: H6JIxOh6/heb_o_rav_2021-10-12_program_haolam_life-and-death.srt  MP3: YdLqpmWT.mp3 (1754.7s)
2026-04-30 11:48:03  INFO          parsed 258 entries
2026-04-30 11:48:04  INFO        SRT: H6doNupz/heb_o_rav_bs-aravut_2015-10-07_lesson.srt  MP3: 7ypKhntw.mp3 (2963.9s)
2026-04-30 11:48:04  INFO          parsed 520 entries
2026-04-30 11:48:04  INFO        SRT: H6oaK266/heb_o_rav_2023-02-22_lesson_hachana-leptichat-halev-bakenes_n1_p1.srt  MP3: 0azfPxuc.mp3 (9103.7s)
2026-04-30 11:48:04  INFO          parsed 830 entries
2026-04-30 11:48:04  INFO        SRT: H73UZsdS/heb_o_rav_2013-10-29_program_haim-hadashim_n246.srt  MP3: twaKfkLs.mp3 (3640.0s)
2026-04-30 11:48:04  INFO          parsed 794 entries
2026-04-30 11:48:04  INFO        SRT: H8HDHS9U/heb_o_rav_rb-dargot-sulam-218-israel-bnei-melahim_2016-08-11_lesson.srt  MP3: D3BP3DKu.mp3 (2884.0s)
2026-04-30 11:48:04  INFO          parsed 489 entries
2026-04-30 11:48:04  INFO        SRT: HALV0sYB/heb_o_rav_2023-06-22_lesson_rb-1990-26-ein-kadosh_n1_p1.srt  MP3: DrlvJTTK.mp3 (6576.8s)
2026-04-30 11:48:04  INFO          parsed 491 entries
2026-04-30 13:55:12  INFO      Starting text QC | data_dir=./row_data | log=./ch_ds.log
2026-04-30 13:55:12  INFO      Found 1 SRT file(s)
2026-04-30 13:55:14  INFO        SRT: JmPywLDH/heb_o_rav_2011-12-27_program_haim-hadashim_n1.srt  MP3: diila9np.mp3 (5092.4s)
2026-04-30 13:55:14  INFO          parsed 1081 entries
2026-04-30 13:55:14  DEBUG     [repeated_word] JmPywLDH/heb_o_rav_2011-12-27_program_haim-hadashim_n1.srt entry#122 452.56s–455.04s  None  text="ועוד ועוד מי יודע מה קורה שם,"
2026-04-30 13:55:14  DEBUG     [repeated_word] JmPywLDH/heb_o_rav_2011-12-27_program_haim-hadashim_n1.srt entry#148 591.40s–595.56s  None  text="קטן עדיין, מאוד מאוד לא מבין מה קורה,"
2026-04-30 13:55:14  DEBUG     [repeated_word] JmPywLDH/heb_o_rav_2011-12-27_program_haim-hadashim_n1.srt entry#211 920.44s–921.88s  None  text="ועוד ועוד."
2026-04-30 13:55:14  DEBUG     [repeated_word] JmPywLDH/heb_o_rav_2011-12-27_program_haim-hadashim_n1.srt entry#222 969.16s–974.76s  None  text="הדור, דור דור. אנחנו רואים שבכל מקום,"
2026-04-30 13:55:14  DEBUG     [repeated_word] JmPywLDH/heb_o_rav_2011-12-27_program_haim-hadashim_n1.srt entry#336 1584.24s–1588.28s  None  text="ואחר כך מייצרים את הבגדים שלי נגיד, וכולי וכולי."
2026-04-30 13:55:14  DEBUG     [repeated_word] JmPywLDH/heb_o_rav_2011-12-27_program_haim-hadashim_n1.srt entry#349 1641.36s–1646.20s  None  text="אחר כך איזה כלי רכב וכולי וכולי."
2026-04-30 13:55:14  DEBUG     [repeated_word] JmPywLDH/heb_o_rav_2011-12-27_program_haim-hadashim_n1.srt entry#402 1899.68s–1903.16s  None  text="איזשהו דברים מאוד מאוד מיוחדים."
2026-04-30 13:55:14  DEBUG     [repeated_word] JmPywLDH/heb_o_rav_2011-12-27_program_haim-hadashim_n1.srt entry#445 2117.32s–2124.20s  None  text="מה שעזר אז לנו קצת לשכוח על זה זה התכנית החלל."
2026-04-30 13:55:14  DEBUG     [repeated_word] JmPywLDH/heb_o_rav_2011-12-27_program_haim-hadashim_n1.srt entry#449 2132.84s–2136.36s  None  text="מה הלאה? ראינו שכל זה זה סתם"
2026-04-30 13:55:14  DEBUG     [repeated_word] JmPywLDH/heb_o_rav_2011-12-27_program_haim-hadashim_n1.srt entry#540 2547.04s–2552.96s  None  text="הוא מאוד מאוד רחוק ממה שאני. ההבדל בין הדורות הם כאלה..."
2026-04-30 13:55:14  DEBUG     [repeated_word] JmPywLDH/heb_o_rav_2011-12-27_program_haim-hadashim_n1.srt entry#603 2841.40s–2845.36s  None  text="יוצא שאפילו יום יום אנחנו יותר ויותר תלויים זה בזה."
2026-04-30 13:55:14  DEBUG     [repeated_word] JmPywLDH/heb_o_rav_2011-12-27_program_haim-hadashim_n1.srt entry#694 3325.48s–3326.08s  None  text="שיש... -לא לא,"
2026-04-30 13:55:14  DEBUG     [repeated_word] JmPywLDH/heb_o_rav_2011-12-27_program_haim-hadashim_n1.srt entry#751 3556.28s–3559.44s  None  text="הוא מאוד מאוד חדש. כאילו עוזבים אותו,"
2026-04-30 13:55:14  DEBUG     [repeated_word] JmPywLDH/heb_o_rav_2011-12-27_program_haim-hadashim_n1.srt entry#767 3626.76s–3636.24s  None  text="יכול להיות שזה באמת איזשהו מעבר למצב לגמרי לגמרי חדש."
2026-04-30 13:55:14  DEBUG     [repeated_word] JmPywLDH/heb_o_rav_2011-12-27_program_haim-hadashim_n1.srt entry#913 4307.92s–4311.48s  None  text="לעשות כל מיני חשבונות. למה התפתחנו כך וכך וכך,"
2026-04-30 13:55:14  DEBUG     [repeated_word] JmPywLDH/heb_o_rav_2011-12-27_program_haim-hadashim_n1.srt entry#939 4414.60s–4419.44s  None  text="שנה שנה שנה שנה, ככה מתפתח."
2026-04-30 13:55:14  DEBUG     [repeated_word] JmPywLDH/heb_o_rav_2011-12-27_program_haim-hadashim_n1.srt entry#1060 4945.64s–4949.96s  None  text="בחוסר ביטחון, בפחדים, חרדות, וכולי וכולי."
2026-04-30 13:55:14  DEBUG     [cps_low] JmPywLDH/heb_o_rav_2011-12-27_program_haim-hadashim_n1.srt entry#1069 4997.92s–5002.16s  cps=1.4 (min=2)  text="לא די?"
2026-04-30 13:55:14  INFO      
2026-04-30 13:55:14  INFO      === TEXT QC REPORT ===
2026-04-30 13:55:14  INFO      Total entries   : 1081
2026-04-30 13:55:14  INFO      Missing .mp3    : 0
2026-04-30 13:55:14  INFO      Flagged entries : 18 (1.7%)
2026-04-30 13:55:14  INFO      Duplicate text  : 0 extra rows
2026-04-30 13:55:14  INFO      
2026-04-30 13:55:14  INFO      --- Flags breakdown ---
2026-04-30 13:55:14  INFO        repeated_word        17  (1.57%)
2026-04-30 13:55:14  INFO        cps_low               1  (0.09%)
2026-04-30 13:55:14  INFO      
2026-04-30 13:55:14  INFO      --- repeated_word (17 total, showing up to 10) ---
2026-04-30 13:55:14  WARNING   [repeated_word] JmPywLDH/heb_o_rav_2011-12-27_program_haim-hadashim_n1.srt entry#122 452.56s–455.04s  None  text="ועוד ועוד מי יודע מה קורה שם,"
2026-04-30 13:55:14  WARNING   [repeated_word] JmPywLDH/heb_o_rav_2011-12-27_program_haim-hadashim_n1.srt entry#148 591.40s–595.56s  None  text="קטן עדיין, מאוד מאוד לא מבין מה קורה,"
2026-04-30 13:55:14  WARNING   [repeated_word] JmPywLDH/heb_o_rav_2011-12-27_program_haim-hadashim_n1.srt entry#211 920.44s–921.88s  None  text="ועוד ועוד."
2026-04-30 13:55:14  WARNING   [repeated_word] JmPywLDH/heb_o_rav_2011-12-27_program_haim-hadashim_n1.srt entry#222 969.16s–974.76s  None  text="הדור, דור דור. אנחנו רואים שבכל מקום,"
2026-04-30 13:55:14  WARNING   [repeated_word] JmPywLDH/heb_o_rav_2011-12-27_program_haim-hadashim_n1.srt entry#336 1584.24s–1588.28s  None  text="ואחר כך מייצרים את הבגדים שלי נגיד, וכולי וכולי."
2026-04-30 13:55:14  WARNING   [repeated_word] JmPywLDH/heb_o_rav_2011-12-27_program_haim-hadashim_n1.srt entry#349 1641.36s–1646.20s  None  text="אחר כך איזה כלי רכב וכולי וכולי."
2026-04-30 13:55:14  WARNING   [repeated_word] JmPywLDH/heb_o_rav_2011-12-27_program_haim-hadashim_n1.srt entry#402 1899.68s–1903.16s  None  text="איזשהו דברים מאוד מאוד מיוחדים."
2026-04-30 13:55:14  WARNING   [repeated_word] JmPywLDH/heb_o_rav_2011-12-27_program_haim-hadashim_n1.srt entry#445 2117.32s–2124.20s  None  text="מה שעזר אז לנו קצת לשכוח על זה זה התכנית החלל."
2026-04-30 13:55:14  WARNING   [repeated_word] JmPywLDH/heb_o_rav_2011-12-27_program_haim-hadashim_n1.srt entry#449 2132.84s–2136.36s  None  text="מה הלאה? ראינו שכל זה זה סתם"
2026-04-30 13:55:14  WARNING   [repeated_word] JmPywLDH/heb_o_rav_2011-12-27_program_haim-hadashim_n1.srt entry#540 2547.04s–2552.96s  None  text="הוא מאוד מאוד רחוק ממה שאני. ההבדל בין הדורות הם כאלה..."
2026-04-30 13:55:14  INFO      
2026-04-30 13:55:14  INFO      --- cps_low (1 total, showing up to 10) ---
2026-04-30 13:55:14  WARNING   [cps_low] JmPywLDH/heb_o_rav_2011-12-27_program_haim-hadashim_n1.srt entry#1069 4997.92s–5002.16s  cps=1.4 (min=2)  text="לא די?"
2026-04-30 13:55:14  INFO      Saved: ./results/txt_txt_{all,passed,flagged}.csv
2026-04-30 13:55:14  INFO      Done.
2026-04-30 13:57:40  INFO      Starting text QC | data_dir=./row_data | log=./ch_ds.log
2026-04-30 13:57:40  INFO      Found 1 SRT file(s)
2026-04-30 13:57:42  INFO        SRT: JmPywLDH/heb_o_rav_2011-12-27_program_haim-hadashim_n1.srt  MP3: diila9np.mp3 (5092.4s)
2026-04-30 13:57:42  INFO          parsed 1081 entries
2026-04-30 13:57:42  DEBUG     [cps_low] JmPywLDH/heb_o_rav_2011-12-27_program_haim-hadashim_n1.srt entry#1069 4997.92s–5002.16s  cps=1.4 (min=2)  text="לא די?"
2026-04-30 13:57:42  INFO      
2026-04-30 13:57:42  INFO      === TEXT QC REPORT ===
2026-04-30 13:57:42  INFO      Total entries   : 1081
2026-04-30 13:57:42  INFO      Missing .mp3    : 0
2026-04-30 13:57:42  INFO      Flagged entries : 1 (0.1%)
2026-04-30 13:57:42  INFO      Duplicate text  : 0 extra rows
2026-04-30 13:57:42  INFO      
2026-04-30 13:57:42  INFO      --- Flags breakdown ---
2026-04-30 13:57:42  INFO        cps_low               1  (0.09%)
2026-04-30 13:57:42  INFO      
2026-04-30 13:57:42  INFO      --- cps_low (1 total, showing up to 10) ---
2026-04-30 13:57:42  WARNING   [cps_low] JmPywLDH/heb_o_rav_2011-12-27_program_haim-hadashim_n1.srt entry#1069 4997.92s–5002.16s  cps=1.4 (min=2)  text="לא די?"
2026-04-30 13:57:42  INFO      Saved: ./results/txt_txt_{all,passed,flagged}.csv
2026-04-30 13:57:42  INFO      Done.
